id,time,cur_frame,total_frames,rarm_pos_x,rarm_pos_y,rarm_pos_z,rarm_yaw,rarm_roll,rarm_pitch,rhand_pos_x,rhand_pos_y,rhand_pos_z,rhand_yaw,rhand_roll,rhand_pitch,rhand_vel_x,rhand_vel_y,rhand_vel_z,rfinger1_pos_x,rfinger1_pos_y,rfinger1_pos_z,rfinger1_yaw,rfinger1_roll,rfinger1_pitch,rfinger1_vel_x,rfinger1_vel_y,rfinger1_vel_z,rfinger2_pos_x,rfinger2_pos_y,rfinger2_pos_z,rfinger2_yaw,rfinger2_roll,rfinger2_pitch,rfinger2_vel_x,rfinger2_vel_y,rfinger2_vel_z,rfinger3_pos_x,rfinger3_pos_y,rfinger3_pos_z,rfinger3_yaw,rfinger3_roll,rfinger3_pitch,rfinger3_vel_x,rfinger3_vel_y,rfinger3_vel_z,rfinger4_pos_x,rfinger4_pos_y,rfinger4_pos_z,rfinger4_yaw,rfinger4_roll,rfinger4_pitch,rfinger4_vel_x,rfinger4_vel_y,rfinger4_vel_z,rfinger5_pos_x,rfinger5_pos_y,rfinger5_pos_z,rfinger5_yaw,rfinger5_roll,rfinger5_pitch,rfinger5_vel_x,rfinger5_vel_y,rfinger5_vel_z,larm_pos_x,larm_pos_y,larm_pos_z,larm_yaw,larm_roll,larm_pitch,lhand_pos_x,lhand_pos_y,lhand_pos_z,lhand_yaw,lhand_roll,lhand_pitch,lhand_vel_x,lhand_vel_y,lhand_vel_z,lfinger1_pos_x,lfinger1_pos_y,lfinger1_pos_z,lfinger1_yaw,lfinger1_roll,lfinger1_pitch,lfinger1_vel_x,lfinger1_vel_y,lfinger1_vel_z,lfinger2_pos_x,lfinger2_pos_y,lfinger2_pos_z,lfinger2_yaw,lfinger2_roll,lfinger2_pitch,lfinger2_vel_x,lfinger2_vel_y,lfinger2_vel_z,lfinger3_pos_x,lfinger3_pos_y,lfinger3_pos_z,lfinger3_yaw,lfinger3_roll,lfinger3_pitch,lfinger3_vel_x,lfinger3_vel_y,lfinger3_vel_z,lfinger4_pos_x,lfinger4_pos_y,lfinger4_pos_z,lfinger4_yaw,lfinger4_roll,lfinger4_pitch,lfinger4_vel_x,lfinger4_vel_y,lfinger4_vel_z,lfinger5_pos_x,lfinger5_pos_y,lfinger5_pos_z,lfinger5_yaw,lfinger5_roll,lfinger5_pitch,lfinger5_vel_x,lfinger5_vel_y,lfinger5_vel_z,sign
0,1518178,0,34,111.626785,24.30655,254.28,-0.22482878,0.56511205,-0.7937886,38.227634,189.10187,15.726439,-0.21026172,0.5635865,-0.79884934,-3.333387,-9.939282,-42.52823,-79.14363,-37.54689,-18.205656,-0.7434762,-0.008318962,-0.66871065,-0.6022895,-10.005566,-45.151245,-49.384396,47.002533,-74.440704,-0.29508844,0.43618417,-0.8500978,-2.3077958,-12.720884,-44.593502,-10.145466,36.80638,-96.657906,-0.035719752,0.19805555,-0.97953975,-2.0208945,-4.1203227,-41.32647,7.8370094,-34.694046,-12.613459,0.050211214,-0.75540614,0.6533302,-3.6912692,-9.577316,-46.044434,20.102303,-26.797882,-12.689478,-0.15193258,-0.74333066,0.6514415,-2.9789844,-9.392391,-46.24614,0.0,0.0,0.0,0.0,0.0,0.0,0.0,0.0,0.0,0.0,0.0,0.0,0.0,0.0,0.0,0.0,0.0,0.0,0.0,0.0,0.0,0.0,0.0,0.0,0.0,0.0,0.0,0.0,0.0,0.0,0.0,0.0,0.0,0.0,0.0,0.0,0.0,0.0,0.0,0.0,0.0,0.0,0.0,0.0,0.0,0.0,0.0,0.0,0.0,0.0,0.0,0.0,0.0,0.0,0.0,0.0,0.0,0.0,0.0,0.0,no
1,51460984,1,34,112.42722,23.954523,251.67328,-0.2301395,0.56303847,-0.7937402,37.92954,188.20007,13.017421,-0.20582065,0.56286114,-0.8005156,-5.2544928,-15.379658,-40.128365,-78.95232,-37.51552,-18.700249,-0.7384609,-0.008512201,-0.67424256,-1.1632743,-16.034042,-49.87596,-48.9174,46.926895,-74.78302,-0.28935036,0.43601465,-0.8521547,3.2480097,-15.419003,-45.328274,-9.611179,37.027542,-96.67084,-0.030769445,0.20195247,-0.9789119,3.8583784,-8.3139105,-39.233326,7.8433647,-34.691925,-12.74272,0.04548539,-0.75752735,0.65121686,-4.214608,-14.517958,-43.72443,20.162231,-26.805115,-12.691647,-0.15491614,-0.74508953,0.6487238,-3.1087139,-14.750178,-40.15369,0.0,0.0,0.0,0.0,0.0,0.0,0.0,0.0,0.0,0.0,0.0,0.0,0.0,0.0,0.0,0.0,0.0,0.0,0.0,0.0,0.0,0.0,0.0,0.0,0.0,0.0,0.0,0.0,0.0,0.0,0.0,0.0,0.0,0.0,0.0,0.0,0.0,0.0,0.0,0.0,0.0,0.0,0.0,0.0,0.0,0.0,0.0,0.0,0.0,0.0,0.0,0.0,0.0,0.0,0.0,0.0,0.0,0.0,0.0,0.0,no
2,102095058,2,34,114.84488,24.593847,250.6679,-0.23955607,0.5566812,-0.7954363,38.021698,187.40367,11.6681185,-0.20548934,0.5658345,-0.798502,0.7700732,-12.684167,-22.23897,-78.67447,-37.51935,-19.190956,-0.73452216,-0.006820597,-0.6785504,5.211522,-12.344136,-30.368454,-48.812775,47.166824,-74.68406,-0.2875479,0.4398936,-0.8507701,3.7500732,-8.178094,-20.994587,-9.533804,37.688095,-96.460754,-0.030116366,0.20991284,-0.9772562,2.6175377,-1.4932392,-18.764835,7.870636,-34.626312,-12.902632,0.045305327,-0.7600529,0.64828,1.1417528,-11.43955,-24.873945,20.21658,-26.71289,-12.927934,-0.15325312,-0.7504842,0.64287394,2.0446603,-11.192534,-25.389084,0.0,0.0,0.0,0.0,0.0,0.0,0.0,0.0,0.0,0.0,0.0,0.0,0.0,0.0,0.0,0.0,0.0,0.0,0.0,0.0,0.0,0.0,0.0,0.0,0.0,0.0,0.0,0.0,0.0,0.0,0.0,0.0,0.0,0.0,0.0,0.0,0.0,0.0,0.0,0.0,0.0,0.0,0.0,0.0,0.0,0.0,0.0,0.0,0.0,0.0,0.0,0.0,0.0,0.0,0.0,0.0,0.0,0.0,0.0,0.0,no
3,152448989,3,34,116.10947,24.652296,249.94473,-0.24434721,0.5553542,-0.7949064,38.09624,187.12605,11.072261,-0.20540355,0.56569964,-0.7986196,1.5756681,-8.437877,-17.808147,-78.522934,-37.503006,-19.363901,-0.73262477,-0.0067055174,-0.68059975,5.329349,-7.7609324,-22.360563,-48.75133,47.11293,-74.74204,-0.28646603,0.43942493,-0.85137707,3.8502314,-8.506926,-18.781216,-9.524199,37.835083,-96.42702,-0.03020351,0.21206778,-0.9767881,1.7184575,-3.5049253,-16.539751,7.856785,-34.621216,-12.92635,0.045053482,-0.760041,0.64831156,1.2442228,-8.0346775,-18.43305,20.22345,-26.70897,-12.964415,-0.15246187,-0.7508911,0.6425869,2.0499516,-8.163188,-18.831392,0.0,0.0,0.0,0.0,0.0,0.0,0.0,0.0,0.0,0.0,0.0,0.0,0.0,0.0,0.0,0.0,0.0,0.0,0.0,0.0,0.0,0.0,0.0,0.0,0.0,0.0,0.0,0.0,0.0,0.0,0.0,0.0,0.0,0.0,0.0,0.0,0.0,0.0,0.0,0.0,0.0,0.0,0.0,0.0,0.0,0.0,0.0,0.0,0.0,0.0,0.0,0.0,0.0,0.0,0.0,0.0,0.0,0.0,0.0,0.0,no
4,203306804,4,34,115.0062,24.675646,249.39708,-0.23950788,0.5549703,-0.7966454,38.211777,187.0451,10.080719,-0.20512816,0.5655106,-0.79882425,1.7134739,-1.4030939,-16.187786,-78.3811,-37.513535,-19.535103,-0.73105234,-0.007042773,-0.682285,4.4667554,-2.296584,-19.698605,-48.658768,47.0925,-74.79917,-0.28498426,0.4400101,-0.8515721,3.585332,-0.9097885,-16.735426,-9.491655,37.9767,-96.398735,-0.03005864,0.21402976,-0.97636455,2.3687801,1.9233357,-15.359936,7.83762,-34.590378,-13.016296,0.044463594,-0.7606,0.64769644,1.9046108,-0.3984251,-17.804302,20.238121,-26.710419,-12.974461,-0.1514809,-0.750838,0.6428809,2.599428,-1.0504633,-16.157518,0.0,0.0,0.0,0.0,0.0,0.0,0.0,0.0,0.0,0.0,0.0,0.0,0.0,0.0,0.0,0.0,0.0,0.0,0.0,0.0,0.0,0.0,0.0,0.0,0.0,0.0,0.0,0.0,0.0,0.0,0.0,0.0,0.0,0.0,0.0,0.0,0.0,0.0,0.0,0.0,0.0,0.0,0.0,0.0,0.0,0.0,0.0,0.0,0.0,0.0,0.0,0.0,0.0,0.0,0.0,0.0,0.0,0.0,0.0,0.0,no
5,253495726,5,34,113.934074,24.566679,248.74986,-0.23437355,0.55640197,-0.7971737,38.34216,187.1979,9.278128,-0.20680809,0.5639145,-0.7995191,2.37415,3.03081,-19.584862,-78.28502,-37.70131,-19.467953,-0.7313837,-0.009535739,-0.68189955,4.716788,-0.97479737,-18.972878,-48.773254,46.879257,-74.851265,-0.2859284,0.4385038,-0.8520325,0.9532863,-0.7848033,-20.752882,-9.618593,37.887543,-96.43098,-0.030955506,0.21338981,-0.9764766,0.35927615,1.8455899,-20.126211,7.883728,-34.57614,-13.041077,0.046106234,-0.7601969,0.6480547,3.445086,3.6451418,-20.18597,20.294155,-26.685074,-12.969848,-0.14862181,-0.7504484,0.6440021,3.940164,3.6260955,-19.144163,0.0,0.0,0.0,0.0,0.0,0.0,0.0,0.0,0.0,0.0,0.0,0.0,0.0,0.0,0.0,0.0,0.0,0.0,0.0,0.0,0.0,0.0,0.0,0.0,0.0,0.0,0.0,0.0,0.0,0.0,0.0,0.0,0.0,0.0,0.0,0.0,0.0,0.0,0.0,0.0,0.0,0.0,0.0,0.0,0.0,0.0,0.0,0.0,0.0,0.0,0.0,0.0,0.0,0.0,0.0,0.0,0.0,0.0,0.0,0.0,no
6,303999750,6,34,115.15563,24.76832,247.41599,-0.23835476,0.55727136,-0.79538393,38.472122,187.49638,8.362051,-0.20915747,0.56211835,-0.80017257,1.899743,5.6480374,-14.766158,-78.07532,-38.054123,-19.488174,-0.73109,-0.013387927,-0.68214965,5.0756526,0.44763577,-15.109779,-48.8893,46.577194,-74.9437,-0.28635588,0.43685597,-0.8527351,1.292269,1.191289,-16.662252,-9.7426605,37.872116,-96.441864,-0.03135962,0.21386707,-0.9763593,0.58327705,3.9332662,-15.517823,8.011692,-34.533676,-13.091475,0.048880134,-0.76003397,0.6480425,3.8143113,6.270582,-14.894038,20.425533,-26.6109,-12.962167,-0.14399119,-0.75057334,0.6449079,4.096923,6.538691,-13.8380785,0.0,0.0,0.0,0.0,0.0,0.0,0.0,0.0,0.0,0.0,0.0,0.0,0.0,0.0,0.0,0.0,0.0,0.0,0.0,0.0,0.0,0.0,0.0,0.0,0.0,0.0,0.0,0.0,0.0,0.0,0.0,0.0,0.0,0.0,0.0,0.0,0.0,0.0,0.0,0.0,0.0,0.0,0.0,0.0,0.0,0.0,0.0,0.0,0.0,0.0,0.0,0.0,0.0,0.0,0.0,0.0,0.0,0.0,0.0,0.0,no
7,354102904,7,34,114.02322,24.359474,246.4705,-0.23337719,0.56069815,-0.7944512,38.53085,187.87254,7.6295466,-0.21024749,0.5609656,-0.8006957,1.4219828,8.001912,-16.278149,-77.94258,-38.174637,-19.52287,-0.7305423,-0.014896736,-0.682705,4.295546,4.9073577,-16.753689,-48.91721,46.42462,-75.00298,-0.28613147,0.43600357,-0.85324657,1.1502095,4.7821856,-17.580244,-9.821579,37.787537,-96.47138,-0.03188586,0.21308357,-0.97651356,-0.19059916,5.944018,-17.02854,8.050808,-34.529053,-13.08429,0.050020963,-0.75942653,0.6486673,2.561057,8.21977,-15.937726,20.469242,-26.594345,-12.956261,-0.14194165,-0.7503129,0.6456649,2.765073,8.417181,-15.703628,0.0,0.0,0.0,0.0,0.0,0.0,0.0,0.0,0.0,0.0,0.0,0.0,0.0,0.0,0.0,0.0,0.0,0.0,0.0,0.0,0.0,0.0,0.0,0.0,0.0,0.0,0.0,0.0,0.0,0.0,0.0,0.0,0.0,0.0,0.0,0.0,0.0,0.0,0.0,0.0,0.0,0.0,0.0,0.0,0.0,0.0,0.0,0.0,0.0,0.0,0.0,0.0,0.0,0.0,0.0,0.0,0.0,0.0,0.0,0.0,no
8,404557052,8,34,112.26261,23.648838,245.83604,-0.22592598,0.5642923,-0.79406023,38.58732,188.09998,7.133963,-0.21115537,0.5620014,-0.7997299,1.3198467,5.475551,-11.941476,-77.787674,-38.25174,-19.695616,-0.7294696,-0.014676358,-0.6838558,4.9401975,3.7396352,-15.613911,-48.938477,46.48256,-74.93944,-0.28595102,0.43756545,-0.8525072,1.1813312,7.185837,-10.386129,-9.8742695,37.970886,-96.39833,-0.032116853,0.21504498,-0.9760759,0.010030945,8.733035,-10.554987,8.094818,-34.48587,-13.181652,0.051003918,-0.76076436,0.64702106,2.401767,6.411876,-13.6412945,20.516594,-26.544724,-13.009779,-0.14013098,-0.7516834,0.64446515,2.522253,6.538826,-12.738689,0.0,0.0,0.0,0.0,0.0,0.0,0.0,0.0,0.0,0.0,0.0,0.0,0.0,0.0,0.0,0.0,0.0,0.0,0.0,0.0,0.0,0.0,0.0,0.0,0.0,0.0,0.0,0.0,0.0,0.0,0.0,0.0,0.0,0.0,0.0,0.0,0.0,0.0,0.0,0.0,0.0,0.0,0.0,0.0,0.0,0.0,0.0,0.0,0.0,0.0,0.0,0.0,0.0,0.0,0.0,0.0,0.0,0.0,0.0,0.0,no
9,455333295,9,34,99.37521,21.897364,244.49776,-0.1749331,0.5743941,-0.79966855,38.341152,188.89922,4.444681,-0.21468939,0.56575054,-0.79613745,-3.2094228,11.308467,-37.46031,-76.13742,-39.81137,-21.596706,-0.7132628,-0.023204004,-0.7005125,21.078463,-9.041402,-65.11434,-48.99401,46.262085,-75.01385,-0.28385285,0.44373927,-0.85001355,-3.436273,10.154548,-37.579117,-9.61339,38.766083,-96.10376,-0.025811872,0.22322023,-0.9744262,-0.4216728,21.076426,-33.562996,9.130299,-34.151108,-13.223527,0.06290863,-0.7602289,0.64660233,11.543387,15.4888735,-34.852085,21.320808,-25.892242,-13.044611,-0.12952968,-0.7621159,0.6343512,7.8865232,20.305536,-37.887714,0.0,0.0,0.0,0.0,0.0,0.0,0.0,0.0,0.0,0.0,0.0,0.0,0.0,0.0,0.0,0.0,0.0,0.0,0.0,0.0,0.0,0.0,0.0,0.0,0.0,0.0,0.0,0.0,0.0,0.0,0.0,0.0,0.0,0.0,0.0,0.0,0.0,0.0,0.0,0.0,0.0,0.0,0.0,0.0,0.0,0.0,0.0,0.0,0.0,0.0,0.0,0.0,0.0,0.0,0.0,0.0,0.0,0.0,0.0,0.0,no
10,505603789,10,34,100.48055,22.203056,242.84073,-0.1793644,0.5742557,-0.7987858,38.274616,189.22572,3.0691187,-0.21744037,0.56858385,-0.79336756,-2.0897453,7.9429135,-33.09677,-74.16451,-40.46939,-23.712486,-0.683541,-0.024269974,-0.7295085,48.696842,-4.5332346,-88.21239,-48.966125,46.37628,-74.91637,-0.28141364,0.45204705,-0.8464395,-0.4142918,15.003308,-28.677134,-9.679031,39.040573,-95.94766,-0.025628807,0.22160538,-0.9747996,-6.0309176,8.662889,-30.87229,9.719303,-33.939972,-13.269904,0.070111796,-0.76046056,0.64558816,12.094808,12.118395,-29.757164,21.786903,-25.495514,-13.075893,-0.121529296,-0.7677774,0.6290854,8.689362,16.962317,-33.239002,0.0,0.0,0.0,0.0,0.0,0.0,0.0,0.0,0.0,0.0,0.0,0.0,0.0,0.0,0.0,0.0,0.0,0.0,0.0,0.0,0.0,0.0,0.0,0.0,0.0,0.0,0.0,0.0,0.0,0.0,0.0,0.0,0.0,0.0,0.0,0.0,0.0,0.0,0.0,0.0,0.0,0.0,0.0,0.0,0.0,0.0,0.0,0.0,0.0,0.0,0.0,0.0,0.0,0.0,0.0,0.0,0.0,0.0,0.0,0.0,no
11,555787583,11,34,102.36226,23.896162,242.301,-0.18638456,0.5684139,-0.80135286,38.195473,189.39346,1.9405018,-0.22345442,0.5694455,-0.7910752,-1.3518785,3.6782231,-18.440166,-69.223816,-40.810425,-28.238775,-0.60842735,-0.020934505,-0.7933334,91.911064,1.8346608,-103.98288,-49.003777,46.209885,-74.87862,-0.2781527,0.45670637,-0.845015,0.92901254,2.4086266,-18.094423,-10.6669235,37.768204,-96.125984,-0.038196556,0.19099127,-0.9808483,-24.5344,-34.55828,-25.780712,10.514748,-33.755615,-12.745031,0.08342341,-0.7486219,0.6577278,13.055328,5.260528,-1.7405137,22.377354,-25.060455,-12.919543,-0.10601372,-0.7679906,0.6316261,8.728808,10.027174,-12.32881,0.0,0.0,0.0,0.0,0.0,0.0,0.0,0.0,0.0,0.0,0.0,0.0,0.0,0.0,0.0,0.0,0.0,0.0,0.0,0.0,0.0,0.0,0.0,0.0,0.0,0.0,0.0,0.0,0.0,0.0,0.0,0.0,0.0,0.0,0.0,0.0,0.0,0.0,0.0,0.0,0.0,0.0,0.0,0.0,0.0,0.0,0.0,0.0,0.0,0.0,0.0,0.0,0.0,0.0,0.0,0.0,0.0,0.0,0.0,0.0,no
12,606358264,12,34,102.66082,24.54483,242.42494,-0.1868592,0.5653816,-0.8033849,38.32262,189.55557,1.7404581,-0.22484756,0.57507145,-0.786598,1.9368098,3.6233187,-6.590384,-64.9054,-40.346375,-32.17729,-0.5449008,-0.012429765,-0.8384084,94.98367,10.380313,-88.36765,-48.727497,46.678543,-74.62225,-0.2723465,0.45924696,-0.8455292,9.327905,10.046089,-3.4131832,-12.1039505,34.893784,-96.50019,-0.057880703,0.1351192,-0.9891373,-31.202349,-68.62397,-17.619255,10.741974,-33.732742,-12.366455,0.087890275,-0.74239343,0.66417414,8.474619,3.306764,5.4328375,22.50904,-24.975677,-12.903273,-0.100369975,-0.7688198,0.63153934,5.7338667,4.9016695,-2.4400904,0.0,0.0,0.0,0.0,0.0,0.0,0.0,0.0,0.0,0.0,0.0,0.0,0.0,0.0,0.0,0.0,0.0,0.0,0.0,0.0,0.0,0.0,0.0,0.0,0.0,0.0,0.0,0.0,0.0,0.0,0.0,0.0,0.0,0.0,0.0,0.0,0.0,0.0,0.0,0.0,0.0,0.0,0.0,0.0,0.0,0.0,0.0,0.0,0.0,0.0,0.0,0.0,0.0,0.0,0.0,0.0,0.0,0.0,0.0,0.0,no
13,655904861,13,34,102.91504,25.055387,242.32335,-0.18685596,0.563216,-0.80490535,38.484467,189.81485,1.474443,-0.22682267,0.58084655,-0.78177285,3.0765538,5.599996,-5.9346952,-61.43576,-39.674942,-35.08743,-0.4975234,-7.3739595E-4,-0.86745024,84.82735,20.061598,-71.3333,-48.178726,46.428482,-74.76997,-0.261869,0.44103977,-0.8584338,17.92693,-12.620479,-17.480442,-13.402288,32.228897,-96.71816,-0.07299898,0.08867227,-0.9933823,-25.825872,-59.944427,-11.794402,10.840744,-33.73448,-12.250181,0.09107858,-0.741969,0.6642189,6.6860647,4.6304474,0.6560783,22.555786,-24.940323,-12.929783,-0.095911466,-0.7699001,0.63091594,4.7862515,5.5895553,-3.2613,0.0,0.0,0.0,0.0,0.0,0.0,0.0,0.0,0.0,0.0,0.0,0.0,0.0,0.0,0.0,0.0,0.0,0.0,0.0,0.0,0.0,0.0,0.0,0.0,0.0,0.0,0.0,0.0,0.0,0.0,0.0,0.0,0.0,0.0,0.0,0.0,0.0,0.0,0.0,0.0,0.0,0.0,0.0,0.0,0.0,0.0,0.0,0.0,0.0,0.0,0.0,0.0,0.0,0.0,0.0,0.0,0.0,0.0,0.0,0.0,no
14,706393503,14,34,104.39045,25.035967,241.51115,-0.19192965,0.563593,-0.8034463,38.554047,190.18292,1.2686806,-0.22973634,0.5867143,-0.7765227,1.1236914,5.2211933,-3.5271754,-57.679802,-38.81102,-37.9134,-0.44901437,0.013077705,-0.8934288,62.31113,21.151325,-46.448414,-46.461613,42.046143,-77.17529,-0.23389573,0.34801713,-0.90784186,29.957754,-97.94293,-58.913265,-14.600422,30.217758,-96.75139,-0.08569457,0.055957478,-0.99474883,-17.410198,-24.751638,-3.014716,10.914658,-33.746582,-12.210962,0.09477392,-0.7433056,0.6622044,3.1615589,4.0945926,-0.07142367,22.599812,-24.92427,-12.892325,-0.089768626,-0.76921934,0.6326478,2.1515055,4.964358,-0.2359528,0.0,0.0,0.0,0.0,0.0,0.0,0.0,0.0,0.0,0.0,0.0,0.0,0.0,0.0,0.0,0.0,0.0,0.0,0.0,0.0,0.0,0.0,0.0,0.0,0.0,0.0,0.0,0.0,0.0,0.0,0.0,0.0,0.0,0.0,0.0,0.0,0.0,0.0,0.0,0.0,0.0,0.0,0.0,0.0,0.0,0.0,0.0,0.0,0.0,0.0,0.0,0.0,0.0,0.0,0.0,0.0,0.0,0.0,0.0,0.0,no
15,757059273,15,34,104.02802,24.953718,241.35052,-0.18986139,0.5637696,-0.8038137,38.538643,190.14928,1.0953972,-0.2329904,0.58680063,-0.77548724,-0.2741236,-0.3268114,-4.142223,-54.86216,-37.578278,-39.549614,-0.41291732,0.029432744,-0.9102928,68.5155,34.908966,-42.48644,-46.156944,37.69217,-79.02387,-0.23180404,0.2805296,-0.9314344,2.494537,-101.34859,-45.04434,-15.393438,29.373993,-96.77658,-0.09426811,0.046103116,-0.99447876,-19.325216,-20.072477,-3.7881625,11.00885,-33.876648,-11.451965,0.10068338,-0.7302248,0.67574745,3.0555434,-3.3477721,17.323978,22.626293,-25.009628,-12.363154,-0.08142737,-0.75450087,0.6512281,0.76157427,-2.4087074,12.410262,0.0,0.0,0.0,0.0,0.0,0.0,0.0,0.0,0.0,0.0,0.0,0.0,0.0,0.0,0.0,0.0,0.0,0.0,0.0,0.0,0.0,0.0,0.0,0.0,0.0,0.0,0.0,0.0,0.0,0.0,0.0,0.0,0.0,0.0,0.0,0.0,0.0,0.0,0.0,0.0,0.0,0.0,0.0,0.0,0.0,0.0,0.0,0.0,0.0,0.0,0.0,0.0,0.0,0.0,0.0,0.0,0.0,0.0,0.0,0.0,no
16,806925168,16,34,103.90344,25.185966,240.70518,-0.18973096,0.56346154,-0.80406046,37.992203,189.3356,0.011615016,-0.24206097,0.5682645,-0.78643626,-12.09846,-17.18218,-27.026875,-51.71095,-37.1593,-40.159286,-0.37582865,0.02387905,-0.92638147,58.669724,-2.7796454,-40.274,-46.894527,34.30542,-80.01735,-0.24125531,0.2406478,-0.94015133,-27.881245,-101.017395,-50.952187,-17.20983,25.573715,-97.35673,-0.11458333,0.0035731387,-0.9934072,-55.749146,-107.07111,-38.36506,11.21133,-34.250137,-9.564581,0.11360708,-0.6946226,0.710347,-7.3189015,-26.756117,25.17868,22.709953,-25.326355,-10.747083,-0.06403319,-0.71027327,0.7010076,-11.561756,-26.278252,14.6494875,0.0,0.0,0.0,0.0,0.0,0.0,0.0,0.0,0.0,0.0,0.0,0.0,0.0,0.0,0.0,0.0,0.0,0.0,0.0,0.0,0.0,0.0,0.0,0.0,0.0,0.0,0.0,0.0,0.0,0.0,0.0,0.0,0.0,0.0,0.0,0.0,0.0,0.0,0.0,0.0,0.0,0.0,0.0,0.0,0.0,0.0,0.0,0.0,0.0,0.0,0.0,0.0,0.0,0.0,0.0,0.0,0.0,0.0,0.0,0.0,no
17,857132269,17,34,103.97873,25.088367,240.27151,-0.18993412,0.5645138,-0.80327404,37.50442,188.00725,-0.8333777,-0.2507584,0.53749865,-0.80511826,-6.245595,-19.955256,-11.892538,-45.81939,-36.361786,-41.280594,-0.3044601,0.0062431376,-0.95250463,100.82344,-5.808028,-35.545742,-46.734093,23.772736,-82.49252,-0.23300295,0.074184984,-0.96964234,4.629185,-231.7649,-55.952595,-21.846542,11.307709,-97.17927,-0.16876812,-0.19295278,-0.966585,-85.048355,-292.7225,2.26926,10.950386,-34.82596,-6.5479693,0.12532128,-0.63705105,0.76056594,-11.086278,-27.961174,33.375584,22.297935,-26.265991,-8.725453,-0.05111461,-0.6534711,0.7552237,-13.18597,-34.841553,21.706493,0.0,0.0,0.0,0.0,0.0,0.0,0.0,0.0,0.0,0.0,0.0,0.0,0.0,0.0,0.0,0.0,0.0,0.0,0.0,0.0,0.0,0.0,0.0,0.0,0.0,0.0,0.0,0.0,0.0,0.0,0.0,0.0,0.0,0.0,0.0,0.0,0.0,0.0,0.0,0.0,0.0,0.0,0.0,0.0,0.0,0.0,0.0,0.0,0.0,0.0,0.0,0.0,0.0,0.0,0.0,0.0,0.0,0.0,0.0,0.0,no
18,907269917,18,34,97.62652,20.464985,239.7529,-0.15993068,0.58463,-0.79538035,38.52605,187.83797,0.36280808,-0.24763636,0.5195031,-0.8177975,21.464502,-4.503578,26.862001,-42.00359,-33.977234,-41.627235,-0.25167847,-5.683526E-5,-0.9678109,92.285645,37.49026,27.866165,-45.271606,2.6323547,-82.03748,-0.21043569,-0.27017412,-0.9395333,36.91331,-412.6355,56.899868,-26.92133,-5.2604523,-93.21507,-0.229889,-0.4148474,-0.88037074,-79.108734,-316.66843,113.60562,8.923637,-35.62114,-5.1823263,0.11634351,-0.6106038,0.78334355,-21.533686,-20.828566,56.750748,20.596008,-27.822891,-7.9990377,-0.060294565,-0.61623955,0.7852474,-14.903238,-37.42992,42.932552,0.0,0.0,0.0,0.0,0.0,0.0,0.0,0.0,0.0,0.0,0.0,0.0,0.0,0.0,0.0,0.0,0.0,0.0,0.0,0.0,0.0,0.0,0.0,0.0,0.0,0.0,0.0,0.0,0.0,0.0,0.0,0.0,0.0,0.0,0.0,0.0,0.0,0.0,0.0,0.0,0.0,0.0,0.0,0.0,0.0,0.0,0.0,0.0,0.0,0.0,0.0,0.0,0.0,0.0,0.0,0.0,0.0,0.0,0.0,0.0,no
19,957997682,19,34,98.68315,11.968266,241.58862,-0.14978535,0.61555886,-0.7737258,41.514336,187.6601,8.20784,-0.2519698,0.5182854,-0.81724626,58.632965,5.54659,152.20406,-41.82079,-30.319977,-40.3385,-0.2508217,0.0021136822,-0.968031,49.423454,63.41804,188.07274,-48.97193,-7.747467,-76.17153,-0.26547065,-0.4748763,-0.8390577,-18.021606,-202.14763,280.6207,-34.93265,-22.714859,-81.67249,-0.32354164,-0.65747577,-0.6804752,-97.27666,-295.5518,378.99854,4.9238243,-36.643524,-4.9537163,0.09930813,-0.6174766,0.7802952,-17.512068,-14.389125,140.00328,17.238087,-30.02443,-8.500435,-0.07023622,-0.5983694,0.79813594,-2.9673185,-34.083195,131.79953,0.0,0.0,0.0,0.0,0.0,0.0,0.0,0.0,0.0,0.0,0.0,0.0,0.0,0.0,0.0,0.0,0.0,0.0,0.0,0.0,0.0,0.0,0.0,0.0,0.0,0.0,0.0,0.0,0.0,0.0,0.0,0.0,0.0,0.0,0.0,0.0,0.0,0.0,0.0,0.0,0.0,0.0,0.0,0.0,0.0,0.0,0.0,0.0,0.0,0.0,0.0,0.0,0.0,0.0,0.0,0.0,0.0,0.0,0.0,0.0,no
20,1008958978,20,34,99.37105,8.138411,245.16577,-0.1468337,0.6180682,-0.7722898,42.952045,187.30339,13.837297,-0.24969618,0.57111585,-0.7819709,25.102291,-1.7803662,90.91278,-40.59526,-26.023834,-42.345375,-0.24123283,0.07295021,-0.9677215,46.660442,73.17494,66.35831,-48.256695,-11.637848,-72.19748,-0.24927168,-0.5760177,-0.77850324,42.327003,-112.44152,177.68697,-36.905273,-24.480621,-77.24067,-0.34131,-0.70283586,-0.62412274,-13.5631075,-74.61937,190.87898,3.2573204,-36.6037,-8.174309,0.075735405,-0.69133395,0.71855515,-12.955473,-3.7488241,30.705677,15.812477,-30.1669,-11.929341,-0.10057586,-0.68606025,0.72055936,-5.6860113,-8.915195,26.445358,0.0,0.0,0.0,0.0,0.0,0.0,0.0,0.0,0.0,0.0,0.0,0.0,0.0,0.0,0.0,0.0,0.0,0.0,0.0,0.0,0.0,0.0,0.0,0.0,0.0,0.0,0.0,0.0,0.0,0.0,0.0,0.0,0.0,0.0,0.0,0.0,0.0,0.0,0.0,0.0,0.0,0.0,0.0,0.0,0.0,0.0,0.0,0.0,0.0,0.0,0.0,0.0,0.0,0.0,0.0,0.0,0.0,0.0,0.0,0.0,no
21,1059050945,21,34,98.70696,8.354008,246.22554,-0.14543554,0.6130443,-0.77654696,42.95653,187.27249,14.341332,-0.24312499,0.59090835,-0.7692318,4.3016434,-0.47289097,22.478373,-39.044098,-24.101837,-43.708366,-0.23256893,0.108655445,-0.9664914,28.645472,44.906624,1.9246265,-46.520626,-14.717712,-70.52001,-0.22248113,-0.63075507,-0.74340445,33.073708,-64.20475,67.8299,-36.171165,-26.544937,-74.983765,-0.32799977,-0.7378327,-0.5899314,9.876741,-48.369705,81.455795,2.9489174,-36.45276,-9.739597,0.060470566,-0.72253007,0.68868977,-10.081447,1.9277141,-19.89059,15.755268,-29.96576,-12.881189,-0.11004895,-0.7112203,0.6943017,-2.032479,1.4597596,-4.1270185,0.0,0.0,0.0,0.0,0.0,0.0,0.0,0.0,0.0,0.0,0.0,0.0,0.0,0.0,0.0,0.0,0.0,0.0,0.0,0.0,0.0,0.0,0.0,0.0,0.0,0.0,0.0,0.0,0.0,0.0,0.0,0.0,0.0,0.0,0.0,0.0,0.0,0.0,0.0,0.0,0.0,0.0,0.0,0.0,0.0,0.0,0.0,0.0,0.0,0.0,0.0,0.0,0.0,0.0,0.0,0.0,0.0,0.0,0.0,0.0,no
22,1109334956,22,34,98.23944,9.006873,246.8617,-0.14423668,0.608568,-0.7802825,42.857506,187.29083,14.343295,-0.24180584,0.60068136,-0.7620445,-1.3009965,0.07119726,3.836142,-37.86892,-22.91597,-44.43254,-0.22986382,0.13025182,-0.9644672,19.723232,30.176224,-10.20273,-45.41951,-17.23494,-68.985054,-0.20357534,-0.6720924,-0.71193326,20.954742,-44.722076,37.14004,-35.604492,-28.69722,-72.83461,-0.3153158,-0.769321,-0.55562675,11.145615,-36.988964,47.792683,2.2460327,-36.241226,-12.350265,0.035673432,-0.7675487,0.63999724,-19.180454,6.549977,-61.14595,15.521889,-29.732742,-14.637564,-0.12948371,-0.7505465,0.64800763,-8.319364,7.0433555,-42.70078,0.0,0.0,0.0,0.0,0.0,0.0,0.0,0.0,0.0,0.0,0.0,0.0,0.0,0.0,0.0,0.0,0.0,0.0,0.0,0.0,0.0,0.0,0.0,0.0,0.0,0.0,0.0,0.0,0.0,0.0,0.0,0.0,0.0,0.0,0.0,0.0,0.0,0.0,0.0,0.0,0.0,0.0,0.0,0.0,0.0,0.0,0.0,0.0,0.0,0.0,0.0,0.0,0.0,0.0,0.0,0.0,0.0,0.0,0.0,0.0,no
23,1160118657,23,34,97.539925,10.162273,247.90501,-0.1423709,0.60120606,-0.786309,42.734554,187.23172,14.26883,-0.2395484,0.61297977,-0.75290924,-2.0790184,-1.0216936,-0.8663059,-36.515648,-21.527237,-45.22958,-0.2230241,0.15420225,-0.9625393,22.09045,25.916685,-14.629311,-44.593533,-18.542969,-67.91634,-0.1900503,-0.69609463,-0.69233894,13.286802,-22.459026,20.235683,-35.190544,-29.46402,-71.66031,-0.30733573,-0.7833477,-0.540288,6.07569,-13.919223,22.513922,1.5336838,-35.81555,-15.059342,0.012448411,-0.8065393,0.5910494,-16.236803,8.464375,-54.589455,15.235092,-29.28656,-16.882378,-0.14924219,-0.7930641,0.59057266,-7.852398,9.494562,-48.381104,0.0,0.0,0.0,0.0,0.0,0.0,0.0,0.0,0.0,0.0,0.0,0.0,0.0,0.0,0.0,0.0,0.0,0.0,0.0,0.0,0.0,0.0,0.0,0.0,0.0,0.0,0.0,0.0,0.0,0.0,0.0,0.0,0.0,0.0,0.0,0.0,0.0,0.0,0.0,0.0,0.0,0.0,0.0,0.0,0.0,0.0,0.0,0.0,0.0,0.0,0.0,0.0,0.0,0.0,0.0,0.0,0.0,0.0,0.0,0.0,no
24,1210822184,24,34,97.12109,11.387799,248.88608,-0.1414083,0.59398645,-0.79194933,42.69409,187.18082,14.156512,-0.23662257,0.6230233,-0.7455547,-0.82066125,-0.89738935,-1.7881117,-35.526512,-20.479034,-45.826607,-0.21406099,0.17047432,-0.9618297,16.596725,17.418348,-11.909108,-44.06306,-19.31514,-67.126625,-0.18214916,-0.71141136,-0.6787603,8.140407,-12.265331,12.252295,-34.98034,-29.763718,-70.93435,-0.30369303,-0.7901144,-0.5324376,3.5740964,-4.150597,10.157747,1.269413,-35.536392,-16.155582,0.005160388,-0.8202411,0.57199466,-5.3008623,5.010212,-22.366537,15.118866,-28.950348,-18.146183,-0.1546791,-0.81416786,0.55964726,-2.098676,6.129398,-24.46201,0.0,0.0,0.0,0.0,0.0,0.0,0.0,0.0,0.0,0.0,0.0,0.0,0.0,0.0,0.0,0.0,0.0,0.0,0.0,0.0,0.0,0.0,0.0,0.0,0.0,0.0,0.0,0.0,0.0,0.0,0.0,0.0,0.0,0.0,0.0,0.0,0.0,0.0,0.0,0.0,0.0,0.0,0.0,0.0,0.0,0.0,0.0,0.0,0.0,0.0,0.0,0.0,0.0,0.0,0.0,0.0,0.0,0.0,0.0,0.0,no
25,1261300105,25,34,97.12017,12.0240755,249.33728,-0.14187516,0.5902431,-0.79466,42.67038,187.159,14.089879,-0.23464362,0.6282302,-0.7418013,-0.6651396,-0.62268984,-1.7817067,-34.553246,-19.920807,-46.24759,-0.20454401,0.178605,-0.96242505,25.568823,12.696957,-12.953966,-43.815933,-19.669312,-66.74241,-0.1787366,-0.71827966,-0.6724043,5.529378,-7.64198,8.098309,-34.867496,-29.798096,-70.686615,-0.30245376,-0.79173887,-0.53072715,2.5921955,-0.17925937,4.449603,1.1718712,-35.39717,-16.580704,0.0024031894,-0.8254042,0.564537,-3.1442492,3.9525795,-14.122083,15.092125,-28.821884,-18.526829,-0.1556721,-0.82026106,0.550398,-0.9869384,3.7783608,-13.505836,0.0,0.0,0.0,0.0,0.0,0.0,0.0,0.0,0.0,0.0,0.0,0.0,0.0,0.0,0.0,0.0,0.0,0.0,0.0,0.0,0.0,0.0,0.0,0.0,0.0,0.0,0.0,0.0,0.0,0.0,0.0,0.0,0.0,0.0,0.0,0.0,0.0,0.0,0.0,0.0,0.0,0.0,0.0,0.0,0.0,0.0,0.0,0.0,0.0,0.0,0.0,0.0,0.0,0.0,0.0,0.0,0.0,0.0,0.0,0.0,no
26,1311424701,26,34,97.26954,12.683132,249.78622,-0.14335294,0.5861797,-0.79739785,42.61381,187.10759,14.002986,-0.23126769,0.6339049,-0.7380243,-0.89550906,-0.8726718,-1.7067631,-33.282265,-19.39061,-46.775154,-0.19039507,0.18621603,-0.9638845,22.725061,7.3795524,-11.365291,-43.50651,-19.849472,-66.523766,-0.17527243,-0.72257805,-0.66870064,4.5101695,-3.2671266,2.4143019,-34.695694,-29.592804,-70.67807,-0.30165157,-0.79057556,-0.5329133,2.3346071,3.5918179,-1.7716146,1.1106339,-35.257126,-16.932802,-0.0010594928,-0.8299527,0.5578328,-1.7177199,2.0927258,-8.059825,15.084789,-28.708298,-18.788929,-0.15791911,-0.8248601,0.54283273,-0.6077306,1.799561,-7.032044,0.0,0.0,0.0,0.0,0.0,0.0,0.0,0.0,0.0,0.0,0.0,0.0,0.0,0.0,0.0,0.0,0.0,0.0,0.0,0.0,0.0,0.0,0.0,0.0,0.0,0.0,0.0,0.0,0.0,0.0,0.0,0.0,0.0,0.0,0.0,0.0,0.0,0.0,0.0,0.0,0.0,0.0,0.0,0.0,0.0,0.0,0.0,0.0,0.0,0.0,0.0,0.0,0.0,0.0,0.0,0.0,0.0,0.0,0.0,0.0,no
27,1361713840,27,34,97.27492,13.352298,250.21881,-0.14383037,0.58240247,-0.8000751,42.627472,187.07848,13.89052,-0.22869946,0.6386305,-0.73474324,0.19399722,-0.4433598,-1.814381,-32.594948,-19.03061,-47.120872,-0.1842905,0.19276874,-0.9637828,11.808747,4.9400682,-7.5539794,-43.206776,-19.986038,-66.410446,-0.17154153,-0.7251486,-0.66688305,5.411766,-3.1054087,0.41093174,-34.459892,-29.48973,-70.665695,-0.29945156,-0.79028964,-0.5345756,4.518716,2.7754383,-2.9560087,1.1344109,-35.136475,-17.184137,-0.0027294906,-0.8331791,0.55299646,1.1903448,1.9346042,-5.650077,15.133377,-28.587082,-18.99127,-0.15886332,-0.82880765,0.5365075,1.5876851,2.0019896,-4.955351,0.0,0.0,0.0,0.0,0.0,0.0,0.0,0.0,0.0,0.0,0.0,0.0,0.0,0.0,0.0,0.0,0.0,0.0,0.0,0.0,0.0,0.0,0.0,0.0,0.0,0.0,0.0,0.0,0.0,0.0,0.0,0.0,0.0,0.0,0.0,0.0,0.0,0.0,0.0,0.0,0.0,0.0,0.0,0.0,0.0,0.0,0.0,0.0,0.0,0.0,0.0,0.0,0.0,0.0,0.0,0.0,0.0,0.0,0.0,0.0,no
28,1411701394,28,34,97.48401,13.735774,250.39236,-0.14491527,0.58041716,-0.8013211,42.603104,187.05275,13.80118,-0.2281621,0.6407142,-0.73309433,-0.54827523,-0.753989,-2.6004338,-32.241074,-18.797043,-47.290207,-0.1909623,0.20049286,-0.96090376,6.5343556,6.643901,-6.516395,-42.801735,-20.62732,-66.12327,-0.16411716,-0.7335857,-0.65948284,9.201609,-15.314226,4.098145,-34.154556,-29.355621,-70.8535,-0.29558134,-0.78926384,-0.53823256,7.3180485,3.2003586,-7.4905887,1.2839127,-35.05484,-17.33629,-0.0013947577,-0.83481073,0.55053526,3.5563447,1.6628642,-5.894734,15.282883,-28.467697,-19.077814,-0.1571028,-0.8312688,0.53320813,3.5162482,2.5017924,-4.334847,0.0,0.0,0.0,0.0,0.0,0.0,0.0,0.0,0.0,0.0,0.0,0.0,0.0,0.0,0.0,0.0,0.0,0.0,0.0,0.0,0.0,0.0,0.0,0.0,0.0,0.0,0.0,0.0,0.0,0.0,0.0,0.0,0.0,0.0,0.0,0.0,0.0,0.0,0.0,0.0,0.0,0.0,0.0,0.0,0.0,0.0,0.0,0.0,0.0,0.0,0.0,0.0,0.0,0.0,0.0,0.0,0.0,0.0,0.0,0.0,no
29,1461913622,29,34,97.263626,14.561412,250.77533,-0.14424287,0.57623184,-0.8044569,42.580067,186.97101,13.493269,-0.22806703,0.64437693,-0.7299067,-0.4375126,-1.1715424,-4.3654714,-31.787651,-17.677002,-47.445053,-0.21471693,0.22625674,-0.95010763,-0.7262741,20.156452,-4.152427,-42.091377,-21.459229,-65.87651,-0.15102156,-0.7425922,-0.65249467,9.186997,-13.283942,-0.39342988,-33.470882,-29.223831,-71.16614,-0.28631368,-0.78838027,-0.54450077,9.805126,1.245891,-9.469199,1.6486664,-34.886093,-17.594831,0.0031264878,-0.8371898,0.54690355,5.7992826,1.448135,-5.9441237,15.616035,-28.206879,-19.23095,-0.15301375,-0.8362371,0.5265874,4.776319,2.7362797,-5.7405005,0.0,0.0,0.0,0.0,0.0,0.0,0.0,0.0,0.0,0.0,0.0,0.0,0.0,0.0,0.0,0.0,0.0,0.0,0.0,0.0,0.0,0.0,0.0,0.0,0.0,0.0,0.0,0.0,0.0,0.0,0.0,0.0,0.0,0.0,0.0,0.0,0.0,0.0,0.0,0.0,0.0,0.0,0.0,0.0,0.0,0.0,0.0,0.0,0.0,0.0,0.0,0.0,0.0,0.0,0.0,0.0,0.0,0.0,0.0,0.0,no
30,1512278740,30,34,97.207504,15.415896,251.24106,-0.14418547,0.57203317,-0.80745816,42.625526,186.89975,13.26137,-0.22653191,0.6471191,-0.7279561,0.88933045,-1.6294024,-5.167927,-31.575258,-16.977478,-47.5599,-0.2211599,0.23905723,-0.945484,0.57044333,17.789217,-5.6469603,-41.685413,-21.717072,-65.85981,-0.14460015,-0.74523926,-0.6509295,9.910664,-8.191172,-4.2620873,-33.04837,-29.101883,-71.36941,-0.28152767,-0.78726906,-0.5485887,10.829564,1.7558798,-10.7507925,1.8419724,-34.769974,-17.729946,0.0051008896,-0.83782524,0.5459147,6.609209,1.0704387,-5.687149,15.804272,-28.063492,-19.300888,-0.15083604,-0.8382646,0.5239857,5.926917,1.8052615,-5.162099,0.0,0.0,0.0,0.0,0.0,0.0,0.0,0.0,0.0,0.0,0.0,0.0,0.0,0.0,0.0,0.0,0.0,0.0,0.0,0.0,0.0,0.0,0.0,0.0,0.0,0.0,0.0,0.0,0.0,0.0,0.0,0.0,0.0,0.0,0.0,0.0,0.0,0.0,0.0,0.0,0.0,0.0,0.0,0.0,0.0,0.0,0.0,0.0,0.0,0.0,0.0,0.0,0.0,0.0,0.0,0.0,0.0,0.0,0.0,0.0,no
31,1563702901,31,34,97.60874,15.8742695,251.42479,-0.14607139,0.56961745,-0.8088258,42.65032,186.8651,13.142996,-0.2247904,0.64945704,-0.72641236,0.56679726,-0.88951755,-3.068728,-31.528902,-16.35733,-47.623833,-0.22565454,0.24887958,-0.9418806,-1.8027645,14.794524,-3.4404411,-41.382656,-21.846466,-65.882744,-0.14026517,-0.74633163,-0.6506265,7.3442984,-3.403866,-3.8710277,-32.70296,-29.027435,-71.510445,-0.27801815,-0.7864307,-0.5515729,9.06576,1.4507018,-7.3890624,2.0240936,-34.671738,-17.73057,0.00871014,-0.83565986,0.54917824,6.4783015,1.2178162,0.96384436,15.95636,-27.957,-19.334782,-0.14838396,-0.8390267,0.5234658,4.8260255,1.5740145,-1.7928874,0.0,0.0,0.0,0.0,0.0,0.0,0.0,0.0,0.0,0.0,0.0,0.0,0.0,0.0,0.0,0.0,0.0,0.0,0.0,0.0,0.0,0.0,0.0,0.0,0.0,0.0,0.0,0.0,0.0,0.0,0.0,0.0,0.0,0.0,0.0,0.0,0.0,0.0,0.0,0.0,0.0,0.0,0.0,0.0,0.0,0.0,0.0,0.0,0.0,0.0,0.0,0.0,0.0,0.0,0.0,0.0,0.0,0.0,0.0,0.0,no
32,1613401456,32,34,98.40183,16.415909,251.58241,-0.1496294,0.5667946,-0.81015736,42.69542,186.83038,12.999915,-0.22215755,0.65213287,-0.7248233,0.7522799,-0.5405628,-2.2072103,-31.599043,-15.490982,-47.64251,-0.22674929,0.26008308,-0.93858486,-4.607702,12.521667,-1.4229089,-40.996693,-22.117172,-65.84768,-0.13473953,-0.7490211,-0.6487007,6.1224713,-4.0435557,-1.9172467,-32.234013,-29.028473,-71.63653,-0.27352566,-0.7861042,-0.55427784,8.197405,-0.060218744,-4.9488673,2.285675,-34.55609,-17.594193,0.014148744,-0.83070385,0.5565347,5.876931,0.99826705,3.3289475,16.17493,-27.846466,-19.267778,-0.14362644,-0.83718157,0.5277296,4.6741257,0.82403153,1.9558718,0.0,0.0,0.0,0.0,0.0,0.0,0.0,0.0,0.0,0.0,0.0,0.0,0.0,0.0,0.0,0.0,0.0,0.0,0.0,0.0,0.0,0.0,0.0,0.0,0.0,0.0,0.0,0.0,0.0,0.0,0.0,0.0,0.0,0.0,0.0,0.0,0.0,0.0,0.0,0.0,0.0,0.0,0.0,0.0,0.0,0.0,0.0,0.0,0.0,0.0,0.0,0.0,0.0,0.0,0.0,0.0,0.0,0.0,0.0,0.0,no
33,1663996841,33,34,98.80536,16.870302,251.74951,-0.15132712,0.5645747,-0.81139106,42.742687,186.80885,12.887679,-0.2209018,0.653755,-0.723745,0.91944355,-0.3999352,-2.2967217,-31.666803,-15.111801,-47.660923,-0.22821482,0.2650112,-0.93684953,-3.0756955,8.361685,-1.9863837,-40.784286,-22.365067,-65.75197,-0.13132901,-0.75169575,-0.646302,5.2042637,-4.575646,-0.89888394,-31.951658,-29.112259,-71.64201,-0.2706654,-0.78686273,-0.55460554,7.873597,-1.995578,-3.0111759,2.4464111,-34.489,-17.465443,0.017645493,-0.82724303,0.56156707,5.741557,0.8127156,4.2894845,16.300556,-27.784409,-19.21279,-0.14056645,-0.835836,0.53067815,4.260737,0.6812322,1.5740592,0.0,0.0,0.0,0.0,0.0,0.0,0.0,0.0,0.0,0.0,0.0,0.0,0.0,0.0,0.0,0.0,0.0,0.0,0.0,0.0,0.0,0.0,0.0,0.0,0.0,0.0,0.0,0.0,0.0,0.0,0.0,0.0,0.0,0.0,0.0,0.0,0.0,0.0,0.0,0.0,0.0,0.0,0.0,0.0,0.0,0.0,0.0,0.0,0.0,0.0,0.0,0.0,0.0,0.0,0.0,0.0,0.0,0.0,0.0,0.0,no
34,1346178,0,31,136.14963,-87.4842,212.30498,-0.19822305,0.8363415,-0.511117,64.65839,178.30406,41.566166,-0.18158849,0.72597027,-0.6633195,-2.3851233,0.38135767,-0.8157425,-57.946373,1.7473755,-26.334976,-0.4170493,0.27674276,-0.86572707,-2.69241,1.3237274,-2.3625877,-67.42639,10.9565735,-38.271877,-0.68935233,-0.64322937,-0.33324075,-1.9378076,2.5291586,-1.8689961,-32.10566,64.767075,-85.75087,-0.41415396,0.39643672,-0.8193378,-1.4996377,1.386906,-0.5895767,0.82089996,70.495224,-80.8311,-0.1913123,0.69180113,-0.6962835,0.48663017,2.0543408,0.19031039,15.245888,41.34633,-76.2352,-0.18944545,0.70701957,-0.681347,-1.3483061,1.0203068,-0.27180436,-269.84573,23.706896,52.564587,0.8075766,0.570168,-0.1507596,-80.11172,174.70897,-0.9170607,0.33107677,0.72598916,-0.6027669,-3.3231268,4.0700154,1.6597637,56.57322,-0.2267456,11.033208,0.7471778,0.28145054,-0.60208887,-3.6252441,4.7882805,10.163379,49.74467,-13.147034,-4.5640364,0.3432525,-0.9376252,0.055106156,1.7120614,9.730489,6.192901,33.359116,62.28804,-52.94164,0.50593674,0.57845455,-0.63985807,-0.7117753,2.6718934,3.3096175,10.745583,52.389145,-63.70839,0.33991545,0.6408868,-0.6882744,-0.33661827,1.7182546,1.3237866,-10.366371,28.744095,-66.06659,0.13984452,0.6386775,-0.7566601,1.3566527,1.0332762,-0.011489006,family
35,51048462,1,31,135.79935,-87.44531,212.2784,-0.19795932,0.8362625,-0.5113483,64.45682,178.35646,41.477215,-0.18012075,0.72645307,-0.6631911,-4.6897125,1.2865205,-2.122851,-57.94508,1.8158875,-26.41959,-0.4161126,0.27751133,-0.86593175,-4.5410943,2.7177155,-4.5972304,-67.38165,11.059036,-38.329105,-0.689869,-0.6422024,-0.33415097,-3.689056,3.7316759,-3.4508312,-31.996948,64.82558,-85.75189,-0.4131562,0.39729962,-0.81942356,-2.095042,2.6661637,-2.267457,0.97019196,70.52789,-80.80639,-0.1894253,0.69264364,-0.69596183,-0.73706156,2.3513901,-1.4037508,15.355209,41.357056,-76.2074,-0.1879015,0.70754796,-0.681226,-2.1312816,1.477088,-1.5784432,-269.2764,22.968136,53.14313,0.8042819,0.57401353,-0.15375017,-80.16921,174.77475,-0.91461885,0.33296886,0.7257861,-0.60196865,-1.53394,2.0214763,0.3485661,56.566334,-0.22200012,11.220776,0.749702,0.28102162,-0.5991442,-1.2148013,2.1062179,6.0709105,49.899033,-12.9809265,-4.485071,0.34667572,-0.9364026,0.054462235,1.5732752,5.563649,2.8778403,33.329277,62.331573,-52.850567,0.50692886,0.5784457,-0.6390804,-1.8378417,2.1289978,2.1152546,10.732231,52.423645,-63.65648,0.34018135,0.64151436,-0.68755794,-1.5764148,2.0262895,1.2213689,-10.303833,28.764969,-66.03896,0.1403375,0.639992,-0.7554572,0.3702495,1.9489281,0.8431939,family
36,101187042,2,31,135.56381,-87.309555,212.32455,-0.19783488,0.83580106,-0.51215035,64.29818,178.40675,41.33107,-0.1793204,0.7270799,-0.6627209,-3.620873,1.107952,-2.8963737,-57.95459,1.8773651,-26.455883,-0.4158908,0.27858475,-0.86569357,-3.5767913,2.2882462,-4.3516994,-67.36834,11.1479645,-38.33626,-0.6903753,-0.6413635,-0.33471593,-3.2378707,2.9686835,-3.200958,-31.944164,64.9039,-85.71513,-0.41266507,0.3982459,-0.81921166,-2.0397384,2.8049436,-2.3485262,1.0448685,70.58223,-80.76129,-0.18844466,0.69343853,-0.6954363,-1.4012958,2.3986473,-1.9081322,15.389824,41.395996,-76.17749,-0.18705836,0.7082671,-0.6807106,-2.4923086,1.8798492,-2.2863834,-268.7997,22.355846,53.525646,0.80165577,0.57713073,-0.1557826,-80.1934,174.8092,-0.92606056,0.33438915,0.7255616,-0.60145175,-0.73039234,0.79025143,-0.1990981,56.582382,-0.24012756,11.34732,0.75171214,0.28053,-0.5968515,0.11420899,0.65106326,4.2940235,49.982773,-12.888077,-4.436303,0.3478302,-0.93598574,0.054266058,0.8950349,3.0526044,1.3605705,33.251602,62.37616,-52.792404,0.5070769,0.5785723,-0.63884825,-2.3757308,1.4365263,1.216726,10.571968,52.497772,-63.591854,0.33846188,0.6428961,-0.68711585,-4.463864,2.422258,1.4084107,-10.297546,28.785797,-66.0116,0.14035039,0.640749,-0.7548129,-0.2782112,1.1911018,0.52374834,family
37,151278076,3,31,135.18169,-87.16273,212.51859,-0.19722646,0.8350043,-0.5136823,64.10362,178.36748,41.134296,-0.1788535,0.7276563,-0.6622142,-3.0198393,-0.92330354,-3.0416884,-57.953606,1.9086609,-26.502525,-0.41562837,0.27977774,-0.8654348,-2.7203538,-0.54465044,-3.9284933,-67.37683,11.140274,-38.34725,-0.6898005,-0.6419893,-0.3347014,-3.3716967,-2.3121135,-2.783663,-31.920826,64.96063,-85.68715,-0.4120786,0.39897987,-0.81914973,-2.635056,-0.26745674,-2.8782015,1.0863724,70.64047,-80.71435,-0.18779367,0.6940552,-0.6949971,-2.282199,-0.08088241,-2.4242556,15.417809,41.464264,-76.130394,-0.18644135,0.7090759,-0.68003744,-2.3542764,0.1818994,-2.2996762,-266.89435,19.451305,54.419907,0.7909797,0.59040195,-0.1605513,-80.384384,174.69312,-0.9043438,0.33860648,0.7253909,-0.5992943,-2.4927664,-1.2552048,0.08545125,56.54064,-0.23228455,11.743941,0.75630957,0.2802243,-0.59116006,-2.6963654,-1.1452069,5.8994184,50.085545,-12.779266,-4.1364446,0.34846368,-0.93564725,0.05601191,-1.5321126,0.1300935,4.3481007,33.285404,62.475967,-52.578926,0.50872225,0.5795872,-0.6366163,-2.5987506,-0.22517133,2.5277271,10.441078,52.657166,-63.44124,0.33616933,0.64613855,-0.6851972,-4.6535025,0.5329887,1.9212158,-10.109749,28.84108,-65.97893,0.14161982,0.6427952,-0.7528334,-1.3322334,-0.3866716,0.9650237,family
38,201496830,4,31,135.15942,-87.087944,212.51094,-0.19798294,0.8344346,-0.5143167,63.92665,178.31181,40.95707,-0.17789218,0.72803915,-0.6620524,-3.8551881,-1.2219108,-3.5904508,-57.93813,1.9615936,-26.557457,-0.4150182,0.280912,-0.86536026,-3.3056295,-0.13900748,-4.9679403,-67.35734,11.181778,-38.400543,-0.68978745,-0.64157987,-0.33551234,-3.6790276,-1.1357235,-4.548023,-31.921303,64.93294,-85.70638,-0.41197416,0.39854726,-0.8194128,-3.6368847,-2.0533643,-4.280484,1.1894531,70.67273,-80.68617,-0.18675753,0.6944782,-0.69485366,-1.6043468,-0.47811294,-2.9837906,15.48793,41.49547,-76.09448,-0.18537734,0.70968324,-0.6796948,-2.0589619,-0.3718598,-2.7396958,-265.2557,18.039303,55.52145,0.7837654,0.59862846,-0.16539574,-80.20532,174.87497,-0.9652789,0.33974653,0.72236824,-0.6022926,2.5926206,3.2077856,-1.2554924,56.57316,-0.4811554,11.430908,0.75433564,0.27334344,-0.5968761,2.826135,-1.7849308,-5.9437513,50.099632,-12.865036,-4.293737,0.3464804,-0.936352,0.05653522,2.542825,1.7449882,-2.649204,33.138718,62.308655,-52.83039,0.5068361,0.5775579,-0.63995624,0.2569407,0.4865718,-4.997529,10.218491,52.50804,-63.56932,0.33446833,0.64405966,-0.6879811,-1.0254445,0.4838856,-3.2655354,-10.388855,28.72139,-65.97636,0.13858242,0.64099705,-0.75492895,-2.3393478,1.0056199,-1.1518667,family
39,252412911,5,31,135.28688,-87.01803,212.5013,-0.19931003,0.83390385,-0.5146649,63.75796,178.25479,40.83975,-0.17666812,0.72829473,-0.66209906,-3.546315,-1.2000895,-2.494739,-57.905563,1.9944305,-26.648779,-0.4140158,0.28177047,-0.8655613,-2.7305021,-0.42793855,-4.5602107,-67.333176,11.176865,-38.473152,-0.68930614,-0.6418752,-0.33593637,-3.3120706,-2.1052506,-3.5684807,-31.97394,64.824585,-85.74556,-0.41308168,0.39665964,-0.8197711,-4.9039826,-4.0128994,-3.5132742,1.3150673,70.68204,-80.67923,-0.18545802,0.69468504,-0.694995,-0.69610995,-0.875328,-2.2746325,15.596081,41.51555,-76.0574,-0.1839939,0.7101659,-0.6795665,-1.0323277,-0.61852366,-1.640103,-263.3652,16.763733,57.498142,0.7755469,0.6064578,-0.17531642,-80.010925,175.09044,-1.2678553,0.340062,0.7190398,-0.6060855,4.001241,4.0508285,-5.15598,56.61539,-0.7394562,10.955509,0.7506944,0.26700172,-0.6042914,4.5789247,-0.47875267,-14.712667,50.14729,-12.921783,-4.6265755,0.3458437,-0.93669426,0.054735415,4.7345195,3.5447078,-11.356817,32.98511,62.097046,-53.13176,0.50522244,0.57465273,-0.6438358,0.59650093,0.29009938,-10.635226,9.953575,52.322006,-63.73086,0.33279672,0.6409171,-0.69171643,-1.5702381,0.1708086,-8.211813,-10.771736,28.602356,-65.95702,0.13520561,0.63856655,-0.7575964,-3.5964994,1.1928879,-4.9307413,family
40,302471783,6,31,135.63547,-86.987206,212.3928,-0.20126614,0.8335888,-0.5144139,63.635456,178.21445,40.785206,-0.17556202,0.7284704,-0.66220003,-2.6777532,-0.88763344,-1.3597451,-57.893654,2.0361786,-26.712738,-0.41336426,0.28251344,-0.8656305,-2.2872758,-0.06340626,-2.8537436,-67.317856,11.191055,-38.528946,-0.6891788,-0.6418133,-0.33631575,-2.5935826,-1.3108034,-2.213711,-32.055717,64.6888,-85.78238,-0.4147521,0.39427808,-0.8200765,-5.035364,-4.690178,-2.3210378,1.3970833,70.6557,-80.70439,-0.18459527,0.69448274,-0.6954267,-0.8175217,-1.4043276,-1.8744032,15.682446,41.52597,-76.028015,-0.18261588,0.7107233,-0.6793555,-0.48361018,-0.40584022,-0.59544766,-262.66907,16.473948,58.58005,0.77264565,0.60875094,-0.1801138,-79.93198,175.1921,-1.3293017,0.33961475,0.7169598,-0.60879433,1.4924544,1.9421458,-1.5787008,56.6446,-0.862381,10.491887,0.7465429,0.262225,-0.6114833,2.0180256,-0.21914701,-10.751602,50.31476,-12.749313,-4.9252143,0.35062402,-0.93511426,0.051225647,4.971756,5.7821746,-7.399179,32.79248,62.00096,-53.310402,0.5040165,0.5733005,-0.6459829,-1.7515459,0.40569744,-4.005807,9.699501,52.18727,-63.841667,0.33125,0.6388141,-0.694399,-3.2700956,-0.75937843,-3.338291,-11.011818,28.465866,-65.96908,0.13354631,0.6360892,-0.759971,-2.7565527,-0.9710883,-1.9258633,family
41,352776771,7,31,136.13535,-87.01328,212.16714,-0.20385912,0.8334801,-0.5135682,63.51621,178.17732,40.766724,-0.1739908,0.7286939,-0.6623688,-2.353128,-0.8410964,-0.5692176,-57.88218,2.0482178,-26.841736,-0.41283742,0.2833608,-0.86560494,-2.1925898,-0.9887101,-3.4234276,-67.28548,11.21315,-38.607258,-0.6889663,-0.6417733,-0.3368272,-2.0721269,-1.1165118,-1.6442851,-32.10289,64.55147,-85.82507,-0.4163465,0.3918241,-0.8204447,-4.217304,-4.4226127,-1.4095457,1.5147362,70.6212,-80.7365,-0.18340024,0.69424224,-0.6959828,-0.16041486,-1.4863882,-1.1981349,15.812389,41.536285,-75.987885,-0.18077143,0.7113836,-0.6791576,0.43752816,-0.283751,0.40349945,-262.37372,16.25304,58.98688,0.7712218,0.61002153,-0.18190818,-79.93215,175.20828,-1.3386,0.33966643,0.71622777,-0.6096265,0.24476038,0.61836296,-0.48730466,56.67136,-0.85365295,10.302149,0.7447905,0.26084337,-0.61420506,1.0475109,1.1580464,-5.4710536,50.62538,-12.363037,-5.1887503,0.36126885,-0.9313769,0.044965856,7.0688176,9.131823,-6.739339,32.64387,62.036804,-53.301613,0.50376683,0.5737484,-0.64577997,-2.5858488,1.1372198,-0.06949015,9.5299225,52.159897,-63.84208,0.33067754,0.63833135,-0.6951154,-3.1160295,-0.56635284,-0.5978128,-11.079933,28.3956,-65.97689,0.13379492,0.63472044,-0.76107085,-1.4113518,-1.4504123,-0.78962517,family
42,453948430,8,31,136.53041,-87.067314,211.85785,-0.20512854,0.83352536,-0.51298904,63.63011,178.21913,40.683548,-0.17302014,0.7297922,-0.6614132,1.6173077,0.94393474,-1.1916394,-57.986763,2.25914,-26.71767,-0.41516426,0.28642005,-0.8634826,-0.014282031,4.1180525,0.8763076,-67.37116,11.407074,-38.4227,-0.69140357,-0.6401485,-0.33491933,0.13605094,3.24909,1.8929412,-32.234585,64.59149,-85.71397,-0.41881442,0.3917641,-0.8192163,0.23955867,1.839033,0.39355454,1.5328598,70.65248,-80.71156,-0.18285677,0.6951221,-0.6952472,1.9352099,1.4196601,-0.79136544,15.742378,41.55603,-75.97629,-0.18019056,0.712842,-0.6777814,0.57851106,1.0940259,-1.1379359,-260.16266,13.895766,62.75791,0.7554237,0.6234973,-0.2014598,-80.875084,175.49948,-1.7868327,0.34396115,0.7117946,-0.6124044,-11.426871,3.5632684,-4.725814,56.69432,-0.96276855,10.421312,0.7474021,0.25523385,-0.6133888,-10.858076,4.886875,-0.8840225,50.84752,-12.250809,-5.180569,0.36586025,-0.9295412,0.04581984,-8.587532,6.080016,-2.5887837,32.820843,61.76042,-53.43843,0.5070264,0.5701462,-0.64641905,-9.675072,0.94669855,-5.734962,9.812904,51.81485,-64.047874,0.33506137,0.63365656,-0.69728994,-7.7666016,-0.8304105,-7.300835,-10.882172,28.082794,-66.12619,0.13787887,0.62995,-0.7642987,-7.941761,-1.3705077,-7.210762,family
43,503977003,9,31,131.77728,-86.66808,213.06003,-0.1805105,0.8321777,-0.52430546,66.214325,179.64442,40.239235,-0.16369073,0.74905586,-0.6419662,37.560486,20.683687,-9.719099,-59.236946,5.93013,-23.851902,-0.44262388,0.3293699,-0.8340261,17.477085,86.48247,41.293896,-68.23901,15.056519,-35.01365,-0.73174596,-0.6094846,-0.30508414,25.031593,82.49936,51.11299,-32.663097,67.5195,-83.24167,-0.4340848,0.4252703,-0.79417604,32.185753,73.331696,33.98458,1.481369,71.68132,-79.830505,-0.17830881,0.7121898,-0.67896366,38.078747,39.062378,5.5698247,14.372925,42.051453,-75.912315,-0.17611061,0.7323799,-0.65772694,14.567018,30.764599,-7.3439074,-258.6533,16.279877,72.29683,0.7520088,0.61317694,-0.24186118,-81.57428,176.2658,-1.2920332,0.3105105,0.7148253,-0.6265844,-17.07678,15.1088295,2.9269166,56.575897,2.7162933,10.928564,0.7376782,0.28289664,-0.6130256,-20.307049,78.5629,18.14907,51.65336,-9.236786,-4.3394713,0.4213472,-0.90398175,0.07268786,-4.1749353,66.73127,23.069765,29.809223,62.25453,-54.533314,0.48346207,0.58226466,-0.6536301,-60.461384,23.856537,-9.465237,7.606827,50.666702,-65.20254,0.3088999,0.63390106,-0.70904887,-45.34659,-3.179386,-13.789484,-11.6710205,25.703812,-66.93455,0.11148576,0.6170708,-0.7789702,-21.500347,-23.410156,-11.367389,family
44,554832488,10,31,129.5653,-84.70433,214.48187,-0.17065078,0.82390225,-0.5404289,67.98789,181.29585,39.305817,-0.1456456,0.7750137,-0.6149318,42.881065,37.81447,-19.134687,-60.039143,11.0351715,-19.74026,-0.46847892,0.3829531,-0.7961623,24.241037,155.11852,74.70972,-68.87114,21.0141,-30.042141,-0.79330564,-0.54802567,-0.26520574,30.281576,170.75963,93.96214,-32.77591,71.70674,-79.586975,-0.45180216,0.47450256,-0.7554615,40.50828,133.09428,63.36284,1.6777802,72.99786,-78.664444,-0.16835363,0.7352017,-0.6566091,46.744953,65.886314,4.627162,12.45665,42.67653,-75.84993,-0.16458064,0.7588737,-0.63009834,-0.72040254,52.772038,-16.835705,-256.79443,18.918741,78.27021,0.7462005,0.6104869,-0.26550052,-83.212234,179.26717,-0.77299213,0.26421532,0.71851027,-0.6433764,-32.194508,66.69085,8.990716,55.34233,9.525009,13.14747,0.7304263,0.3360994,-0.594571,-58.884537,223.29434,54.93878,52.73385,-3.3147278,-1.6049635,0.5209971,-0.8436197,0.12987603,-9.256696,202.75244,68.41555,25.790058,62.873627,-55.755657,0.45647505,0.6033809,-0.65388227,-125.108955,81.91604,-16.45593,5.508568,48.496155,-66.99916,0.2771653,0.63467133,-0.72136796,-82.81658,19.389967,-29.827967,-10.805084,21.47931,-68.51943,0.08778671,0.59282905,-0.80052936,-15.08933,-27.155754,-25.74061,family
45,606303727,11,31,116.68067,-84.32934,212.00919,-0.12259276,0.83032405,-0.54362947,71.10972,186.13759,38.857677,-0.10895996,0.80568904,-0.5822309,51.589657,82.260574,-7.062555,-59.692673,21.10585,-10.142458,-0.5135871,0.47604826,-0.7138672,63.916756,247.0482,150.56274,-67.8222,32.423187,-18.830156,-0.8979063,-0.41888136,-0.13528751,78.12691,266.11798,175.64127,-32.384155,78.21767,-73.36994,-0.47731638,0.5613229,-0.6760811,59.57763,187.93468,93.450714,0.84755707,73.30882,-78.49011,-0.1541395,0.75976795,-0.63165945,34.961735,85.68966,-6.39228,6.8926163,42.20964,-76.74278,-0.14697342,0.78932947,-0.5961189,-41.83612,74.67373,-20.952528,-251.3721,19.264233,82.42617,0.7129722,0.64236975,-0.28112572,-88.55583,187.65996,-0.40520757,0.20101832,0.71702594,-0.66743195,-95.61856,138.86374,15.461254,49.7681,22.598022,18.704826,0.72126776,0.44452837,-0.53119427,-189.49094,353.09872,104.13038,52.305145,9.360733,5.2486844,0.6827837,-0.6804199,0.26614872,-107.68244,355.69052,128.57549,20.688438,63.141846,-57.065464,0.43961832,0.63964933,-0.63054293,-159.38873,132.4206,-6.5012774,6.022293,44.27513,-69.49102,0.271682,0.63515866,-0.7230231,-65.25425,64.34566,-25.911306,-4.4263763,14.065186,-70.99515,0.09449937,0.5448269,-0.8332068,23.462065,11.546348,-26.288797,family
46,656704271,12,31,109.7732,-85.384895,208.71538,-0.10118135,0.83692837,-0.5378785,72.601234,188.32791,38.66131,-0.07623985,0.8214351,-0.56518304,37.133278,53.366825,-7.3100333,-56.941566,29.340347,-2.754673,-0.51699275,0.5591543,-0.6481242,103.227104,257.62042,176.99501,-64.60255,39.860138,-11.872961,-0.9441314,-0.32654426,-0.044551108,110.54759,230.71657,155.04144,-30.657799,82.2879,-69.54654,-0.47651586,0.6186843,-0.6246298,73.15932,153.03423,86.74553,0.16818237,73.12665,-78.75182,-0.14706318,0.7687574,-0.6224022,14.114952,49.025177,-14.398954,3.2253723,42.239944,-76.94302,-0.13300267,0.8053761,-0.57765007,-52.26289,55.569164,-12.302411,-249.47658,16.179928,73.53689,0.69941163,0.67603016,-0.23196243,-92.08359,191.92995,0.20705917,0.15897983,0.70556855,-0.69057834,-87.55297,97.55068,12.510559,45.018597,30.650543,20.769188,0.69576,0.5155967,-0.5000781,-192.61806,294.22192,73.20817,50.388443,18.022644,7.749344,0.7671062,-0.5443022,0.33953375,-129.3285,296.13815,78.27992,18.207901,62.409195,-58.147503,0.43829858,0.6563991,-0.61403143,-127.9891,82.23294,-6.452065,7.493622,41.54268,-70.62157,0.2857647,0.6327815,-0.71967083,-35.124035,35.369843,-12.0589695,0.5902786,9.850403,-71.66819,0.13010605,0.51185066,-0.8491651,42.61054,-3.0153472,-7.050938,family
47,706475076,13,31,109.193924,-85.10829,205.71509,-0.11181589,0.83583736,-0.53746915,72.128876,189.64969,37.4365,-0.042319883,0.83635336,-0.54655474,-13.754117,27.165909,-26.986595,-49.02292,39.94861,6.4635086,-0.47839263,0.67740667,-0.5588029,170.65312,257.3862,163.51187,-59.212227,47.629395,-3.9518623,-0.9738459,-0.21685866,0.06779773,91.180145,177.9423,131.87439,-27.291576,87.341156,-64.98027,-0.4430211,0.6957495,-0.56538916,70.85628,139.21663,63.978363,-3.1121216,72.54166,-79.40279,-0.16542791,0.7698077,-0.6164655,-85.758606,15.630983,-40.663197,-2.246193,43.057343,-76.45019,-0.13110597,0.8242547,-0.55083156,-122.32665,46.773182,-14.481445,-240.40385,9.325238,69.65789,0.64106214,0.7357483,-0.21843491,-96.2785,197.58675,-1.2903646,0.16394329,0.6890426,-0.70593405,-84.2673,101.17103,-32.37886,36.467052,40.302887,25.250471,0.662841,0.6257982,-0.41111842,-251.04752,287.00626,69.584656,46.188927,26.598343,12.398135,0.7955189,-0.39326352,0.46097022,-160.1989,251.72388,63.113052,19.510063,62.02025,-57.814404,0.45633942,0.6865525,-0.56603885,-56.875565,108.03389,-13.132221,13.798233,38.574158,-71.109184,0.33820117,0.6207993,-0.7072681,48.812946,46.86276,-37.70307,13.109627,6.956894,-70.28026,0.28585985,0.5005615,-0.8171428,176.12427,73.44562,8.289614,family
48,756558653,14,31,114.436,-76.65776,213.79839,-0.16880643,0.7798275,-0.6028047,66.46568,185.42535,32.82751,0.033319544,0.8860522,-0.4623865,-77.19992,-69.72094,-73.4522,-25.141563,51.578537,20.34885,-0.28906244,0.862389,-0.41560566,197.82738,91.684,122.364456,-53.89277,52.331467,1.7245827,-0.9848847,-0.15850513,0.06984513,19.558111,19.128408,32.83155,-12.3593025,97.0524,-56.91633,-0.2669728,0.81466156,-0.514832,218.35677,95.657394,50.217266,1.4809113,78.41431,-73.91267,-0.12132023,0.8190771,-0.5607086,-4.3248086,17.74223,6.1766887,-2.4576416,50.29312,-71.3758,-0.1360905,0.8811104,-0.45290598,-127.46989,41.67348,10.194119,-217.09004,-3.3715954,88.37419,0.59100205,0.7244217,-0.35486588,-98.73477,186.44012,-6.136333,-0.10320087,0.79472804,-0.5981279,17.425829,-323.99124,-80.65335,-2.3632812,48.685654,37.004406,0.21423988,0.9639637,-0.15771903,-807.71857,-221.2464,184.26297,18.620163,44.612778,26.198114,0.7532935,0.018952107,0.65741134,-580.14636,18.163576,197.57913,-6.7586594,73.19791,-46.54359,0.09769161,0.9224403,-0.3735776,-638.1789,-75.2138,192.47528,17.593925,51.89409,-61.068462,0.28677973,0.8032996,-0.5219838,-71.31014,73.52751,149.7637,23.918953,29.723297,-59.46091,0.16460392,0.7968014,-0.58138895,108.9025,225.65216,141.32542,family
49,806623584,15,31,91.73235,-77.723656,205.66122,-0.1047819,0.8007881,-0.58971107,75.54431,185.762,21.709457,0.1654576,0.79375786,-0.58529675,192.37892,5.0154777,-202.28726,20.45095,54.588577,19.134834,-0.017002488,0.9334994,-0.35817567,1194.3323,88.100815,-244.81413,-8.140373,71.38257,20.32977,-0.66233826,0.35217196,0.6612737,1141.5248,349.92883,107.04051,5.4682693,95.39581,-61.191967,-0.08220682,0.8914607,-0.44557813,465.82773,-67.71392,-344.7305,-8.539139,80.295654,-68.215546,-0.045211893,0.90268266,-0.42792514,-0.18515286,68.04868,-46.70033,-23.210835,54.579636,-63.8668,0.018382795,0.8986261,-0.43833002,-216.96442,89.59212,-39.475193,-201.484,-18.664742,70.09243,0.5800924,0.7757344,-0.24845321,-96.623436,177.54486,-3.1866443,-0.30655044,0.7293075,-0.6116677,8.302291,-74.15537,-26.319628,-35.64234,37.819702,35.504784,-0.2672388,0.95873404,-0.09701793,-562.8299,-221.53188,-67.48232,-9.607857,46.238297,28.999279,0.4970661,0.2938887,0.816428,-471.47977,-9.308082,8.900746,-26.391876,69.372025,-44.29705,-0.2041918,0.936568,-0.28486136,-288.07104,-110.679886,-3.252627,5.009636,62.18187,-52.57949,-0.022250041,0.9235001,-0.38295227,-168.16882,87.953865,106.89135,21.051926,43.780563,-51.220253,-0.07064107,0.85493565,-0.51390165,8.815857,156.73222,106.42581,family
50,856722543,16,31,73.40138,-85.214035,203.23553,-0.06197424,0.8091915,-0.5842673,71.78572,177.58507,17.195522,0.1713648,0.75938946,-0.62766373,-48.773155,-145.9859,-126.48321,36.74476,48.124786,11.608185,0.09986845,0.92635417,-0.36317253,393.29898,-252.85486,-270.17926,14.197502,70.44789,20.017265,-0.3550245,0.4668359,0.8099518,470.5701,-112.83323,-103.346954,6.678993,95.25957,-60.294025,-0.047880754,0.92414623,-0.37902665,14.541391,-172.97102,-153.05223,-4.904152,83.52211,-63.32998,0.095385805,0.9121229,-0.3986644,-18.060604,-101.53418,-48.013126,-27.26469,60.745132,-56.406643,0.09892553,0.88211685,-0.46052533,-147.7278,-32.78498,15.390517,-193.60164,-11.09424,74.80036,0.5297026,0.80072105,-0.2797517,-99.29187,187.07191,-9.55712,-0.27357963,0.67139417,-0.6887554,-30.634943,116.3999,-102.91182,-50.08342,29.958694,24.760647,-0.4109281,0.8922372,-0.1872188,-321.58746,-24.752245,-291.60822,-24.754143,44.133224,23.815552,0.216281,0.3876208,0.8960874,-328.37283,95.86882,-194.96019,-20.191612,57.950302,-2.4325523,-0.25369224,0.94674003,0.19830179,-69.34396,208.27562,641.4042,7.752678,62.819443,-52.091553,-0.058720104,0.9027216,-0.42619908,12.7308235,136.31229,-94.334305,27.883179,49.15857,-44.422516,-0.0033005998,0.855646,-0.517551,90.64625,227.0255,21.614288,family
51,907471751,17,31,57.942944,-85.10262,198.66714,-0.038906716,0.8128414,-0.5811842,63.4897,176.69781,11.038906,0.17951599,0.7258497,-0.66401523,-136.9693,7.195032,-129.54807,40.127495,46.367035,7.947878,0.1353513,0.90510076,-0.4030789,-54.478783,-8.236209,-197.6665,19.37062,70.34505,16.977491,-0.27911723,0.52194923,0.8060165,-42.20554,34.06222,-171.83742,3.2041702,93.59009,-61.607944,-0.08299456,0.9264163,-0.3672394,-210.17145,-3.4053621,-115.5038,-0.48733902,83.75229,-60.785034,0.16333722,0.9213371,-0.3527872,-59.114765,19.799425,-52.039642,-25.077087,62.448288,-52.85917,0.1645381,0.8984907,-0.4069909,-100.06743,46.545113,-30.77093,-193.33617,-2.2204554,96.16896,0.49845922,0.7778361,-0.38276553,-100.98635,189.38058,-14.185444,-0.14842197,0.632711,-0.7600314,-31.222857,55.35699,-88.583305,-55.547737,28.390152,12.445525,-0.3985118,0.8635548,-0.3089685,-153.75186,12.677018,-324.31674,-31.038017,44.38153,15.550386,0.0042468435,0.44539058,0.8953263,-169.44814,56.76614,-244.24983,-22.571938,52.1158,15.640561,-0.24237503,0.4695312,0.84899634,-25.680326,-163.7766,339.66232,16.058266,61.731293,-51.23975,-0.01033774,0.89444554,-0.44705734,82.56699,44.711575,-60.39177,35.637375,50.530396,-37.37741,0.081326015,0.87125343,-0.4840491,88.38137,90.13913,45.68156,family
52,958231213,18,31,54.797386,-86.5822,190.51694,-0.06005542,0.8254311,-0.5612992,56.887257,175.04375,4.97499,0.21069397,0.66685957,-0.7147772,-131.29851,-31.230354,-118.38111,44.92889,42.54753,3.134616,0.20113441,0.86296445,-0.46350548,-27.636677,-106.64673,-223.58684,27.194958,69.03969,12.001994,-0.17763492,0.5944012,0.7843042,25.971996,-51.72635,-219.07327,7.670933,93.88112,-57.902664,-0.014063366,0.9578782,-0.28683025,-30.13969,-51.880375,-106.91818,4.2957344,85.38066,-54.722645,0.21486902,0.9417807,-0.25861245,-62.303093,1.437252,0.06460824,-20.267178,66.059525,-46.960808,0.24598958,0.91525614,-0.31905374,-42.30563,34.06484,-5.573384,-172.15219,-10.756421,96.26399,0.40468526,0.8333461,-0.37651563,-96.93125,188.48192,-16.980213,-0.07849428,0.54474115,-0.8349226,76.28269,-19.13111,-66.60341,-58.88172,24.380234,1.392683,-0.41073698,0.7925356,-0.45075765,1.6480271,-111.65802,-306.25815,-36.232445,42.992752,5.9470043,-0.16334297,0.53051347,0.83179,-40.061367,-57.332203,-263.7115,-28.313873,51.082123,7.146797,-0.38747928,0.48648936,0.7830632,-27.092712,-96.83577,-141.1156,12.862877,60.791428,-50.01618,-0.13501646,0.895547,-0.42398843,11.241397,-20.751749,-18.27163,34.187084,52.65596,-33.45419,-0.0013929647,0.8859633,-0.46375325,45.649677,26.230917,18.267662,family
53,1007587630,19,31,48.11898,-90.456894,180.15265,-0.06372315,0.8540325,-0.5163021,50.50877,174.02455,2.5399568,0.22697987,0.5799801,-0.78237027,-150.17076,-16.29493,-75.39932,48.250614,38.900482,-2.6797276,0.24582887,0.79766446,-0.55072635,-70.46739,-96.00421,-212.39021,33.35194,68.02055,4.17945,-0.08545349,0.69332856,0.715537,-9.895303,-24.14149,-260.90164,14.505001,91.88817,-56.612286,0.07968774,0.9677436,-0.2390026,13.301875,-71.65909,-67.240486,5.9362717,84.53587,-53.494457,0.23778616,0.9429292,-0.23311432,-118.90511,-27.922665,-33.954895,-17.319157,58.871307,-7.805681,0.31285456,0.93997765,0.13624999,-63.86612,90.82985,636.35266,-142.61058,-15.325672,104.190636,0.2851576,0.86051637,-0.4221336,-89.69642,187.70883,-20.613724,-0.007271052,0.510269,-0.8599841,146.29608,-15.907764,-70.86526,-60.26075,19.744003,-7.2352486,-0.40472475,0.74329203,-0.53264886,115.56234,-104.764725,-254.42168,-39.720085,40.34781,-0.6984005,-0.30887133,0.5447127,0.7796708,73.81352,-64.576584,-215.56808,-32.575584,48.941025,1.415453,-0.517987,0.47276798,0.7128674,64.86958,-69.07675,-171.75781,9.829834,61.40277,-47.472366,-0.22917756,0.88324237,-0.40909722,75.90669,-10.538748,-20.98714,29.555355,55.648605,-28.704662,-0.12703869,0.89065915,-0.43656316,49.561768,32.444744,14.703398,family
54,1057733202,20,31,40.84999,-92.25772,163.1391,-0.06354969,0.8887914,-0.45388475,45.213676,174.83171,-1.7689909,0.2669568,0.4409006,-0.8569368,-103.08963,8.020814,-76.54118,40.01362,45.756027,-4.1889973,0.17037389,0.7568363,-0.6310084,-285.2564,151.2017,-87.32322,31.675774,69.73215,-0.9703096,-0.12766038,0.7996319,0.58676374,-64.38912,64.11582,-240.3738,20.00515,78.4928,-6.239756,0.060887724,0.8291519,0.55569756,-51.060085,-193.2006,425.90793,3.0032654,79.907684,-24.229906,0.19182876,0.9642878,0.18262173,-138.89507,-30.833075,477.0773,-17.792534,56.30597,1.4774721,0.27962,0.70980185,0.64652455,-93.932236,-112.22876,222.47456,-122.080414,-14.338073,114.32462,0.23986666,0.85062003,-0.46787775,-76.755745,184.56529,-21.600376,0.039146572,0.47145382,-0.8810215,245.62367,-53.19004,-17.583628,-60.524178,15.508621,-13.380386,-0.39939424,0.6922622,-0.60104686,241.05064,-136.87604,-148.36398,-41.819847,37.779007,-6.197815,-0.40848398,0.55880696,0.7217171,204.09377,-104.19119,-137.00342,-35.375847,46.77942,-3.6324253,-0.60397434,0.4637289,0.64820564,191.04167,-100.43306,-120.91929,6.571213,61.280075,-46.19901,-0.3012571,0.8660158,-0.39907488,194.66876,-60.914368,3.2593935,25.89896,57.318726,-26.677868,-0.19795376,0.8798496,-0.43206358,186.40712,-31.48342,7.1880836,family
55,1107707705,21,31,31.429104,-90.7077,161.00302,-0.058342822,0.892998,-0.44626305,36.418736,174.85124,-3.8135335,0.24423522,0.39959478,-0.8835571,-173.12709,12.818228,-38.939228,40.122288,45.594376,-6.6073685,0.14754438,0.75016475,-0.6445801,-164.49982,-3.211242,-129.04437,37.117626,68.13512,-6.6037426,-0.021309461,0.8416718,0.5395687,-48.077255,-35.47565,-206.55287,25.175858,76.61142,-9.173645,0.14341044,0.8087051,0.57046425,-49.336205,-82.851036,-41.57104,5.683655,77.24199,-18.713139,0.24261802,0.8910498,0.3836232,-104.80931,-57.844177,88.822945,-15.184427,62.900436,-12.030793,0.37413082,0.8364495,0.40047273,-95.63491,40.68227,-122.98017,-111.65404,-14.363104,122.612404,0.2550174,0.8312406,-0.49396887,-60.757877,179.90622,-19.344772,0.09455546,0.46282357,-0.881393,306.54324,-98.14065,34.180515,-47.359898,29.816284,-8.512936,-0.20217574,0.8470462,-0.4915666,558.1278,184.73943,114.11414,-42.22102,36.584244,-9.999382,-0.47805008,0.55612844,0.67984504,296.2696,-126.7189,-51.785793,-36.284534,45.541443,-6.4594536,-0.6613327,0.44055653,0.6070823,282.4882,-131.43811,-21.06567,6.5359726,62.395294,-43.492474,-0.3200076,0.8701797,-0.37467647,313.951,-67.458595,103.07911,25.283401,60.170975,-21.009014,-0.20009951,0.9128331,-0.35594365,299.2094,-49.72424,142.40935,family
56,1157787552,22,31,30.72342,-91.69208,152.4613,-0.08673192,0.91986144,-0.38253435,22.747482,172.66855,-0.80683327,0.13332474,0.2520895,-0.95847553,-210.85167,-24.427729,78.49985,42.307976,40.047302,-18.74825,0.10530895,0.6438437,-0.7578755,-150.06676,-151.66245,-164.18784,41.89244,62.1951,-22.208265,0.14719756,0.90140456,0.4071888,-90.813416,-169.25568,-230.02666,30.537048,71.50052,-23.491758,0.3087152,0.84793407,0.43093237,-71.54693,-153.11285,-183.38614,9.358295,73.47797,-25.981209,0.38154384,0.8749363,0.29817906,-97.74772,-114.35721,-56.385326,-10.931217,62.306473,-19.044605,0.5110682,0.83380234,0.20876528,-101.03995,-36.55524,-73.85167,-109.83922,-27.786924,113.578636,0.27640447,0.8513911,-0.4457957,-49.693058,174.6172,-16.051231,0.20506781,0.52676123,-0.82490593,200.733,-87.38914,73.84633,-39.63081,39.522873,-4.7064743,0.009576958,0.9341301,-0.35680428,363.10394,90.92719,81.42188,-35.34331,43.866653,-7.2584667,-0.41125646,0.55710787,0.7214561,312.89075,11.35442,39.79768,-28.313198,51.044632,-2.104597,-0.60698915,0.46836814,0.6420245,320.49524,-13.981368,67.41915,18.019865,64.85002,-35.74351,-0.16208313,0.946643,-0.2785607,412.88074,-80.1456,162.1789,34.17985,57.601013,-12.815325,-0.07144839,0.9663868,-0.24696507,334.60425,-140.5498,182.51624,family
57,1208929239,23,31,27.992487,-107.78611,146.87274,-0.06426228,0.93860453,-0.33895704,23.602482,161.2407,4.54771,0.09005455,0.23336141,-0.96821105,-27.40231,-185.17311,96.71697,38.688286,42.678314,-20.844076,0.03730317,0.62977546,-0.775881,-61.27409,-185.59317,12.035886,36.51425,64.8638,-22.007446,0.081085324,0.89186954,0.444965,-68.55565,-187.86938,74.285225,24.97866,73.26622,-24.272314,0.25657323,0.8652386,0.43073466,-67.84231,-192.59581,41.17951,4.6746426,72.767365,-26.130075,0.33265522,0.8940216,0.30010992,-43.004852,-220.12302,71.36255,-15.790787,60.898544,-20.635952,0.45594564,0.8738732,0.1686988,-66.00375,-205.29247,52.736618,-105.78174,-34.7234,112.87975,0.270023,0.8586027,-0.43576255,-47.83827,170.96765,-13.466701,0.18405448,0.5574332,-0.809563,49.86947,-80.605095,55.682808,-37.021626,42.3096,0.41116238,0.04948952,0.9512042,-0.30456752,132.44476,2.3829677,171.85838,-32.737476,46.381973,-2.58492,-0.32371956,0.54190236,0.77559495,121.14097,-13.787257,154.34094,-24.869282,52.8519,2.3528366,-0.5299043,0.47444996,0.7029215,141.45602,-32.632057,150.48979,19.008821,65.734024,-32.919895,-0.13290851,0.96876967,-0.2093338,99.20229,-66.254974,118.61054,35.655403,56.197083,-12.060521,-0.056132462,0.97933626,-0.19429256,105.193886,-123.83676,72.80838,family
58,1258611480,24,31,30.50937,-104.63387,138.1896,-0.06482979,0.9543582,-0.2915433,24.307997,162.8941,6.861402,0.0518054,0.1459197,-0.98793906,8.5628605,-9.5532875,46.768414,42.308083,35.56546,-26.510855,0.06387154,0.56049305,-0.8256924,48.71063,-105.52404,-47.170464,42.976227,57.742554,-25.992462,0.21589042,0.87927777,0.42457265,80.458305,-106.59078,-17.08533,33.036736,67.38286,-27.517855,0.38983586,0.82443345,0.41028953,110.57138,-92.862175,68.50778,12.926138,69.14931,-31.769909,0.4685249,0.85816926,0.2098331,110.716576,-67.81052,-44.04461,-9.084547,60.805145,-24.848707,0.57694316,0.81413835,0.065691315,86.699005,-19.983908,-19.97774,-104.218864,-40.092392,114.14275,0.26679692,0.8559819,-0.44284806,-45.248474,167.5494,-11.645757,0.21683379,0.59046334,-0.7773906,53.66344,-51.831795,30.067738,-32.854355,46.960632,6.1743655,0.11820887,0.9582132,-0.26048812,76.74613,8.513474,91.12978,-24.441673,51.203003,3.737749,-0.16907668,0.51599014,0.83974236,176.70178,19.01282,112.83019,-15.20248,55.827316,8.436752,-0.3881468,0.49237838,0.77904147,196.52843,-7.394819,107.06277,25.707855,64.7318,-29.08205,-0.012171053,0.99221265,-0.12395919,147.27583,-72.69049,72.338264,43.585655,50.547745,-10.6666975,0.0979158,0.9887166,-0.11336635,173.50996,-137.89325,48.228012,family
59,1309588158,25,31,28.000624,-104.83984,130.79439,-0.045904446,0.9651175,-0.2577615,26.103767,162.8843,7.9863696,0.034972988,0.10333602,-0.9940315,35.293365,3.1206803,29.391554,43.327057,32.44104,-28.839582,0.07099299,0.5239255,-0.84880036,61.572243,-72.50509,-30.85748,44.80961,54.509842,-22.90631,0.24396974,0.83825374,0.48765707,82.34566,-74.29023,57.359432,36.282005,64.30092,-23.32247,0.4226032,0.7715919,0.47544974,107.355804,-71.82316,90.00958,15.981148,67.04559,-34.65943,0.5165117,0.84057075,0.16326827,106.3034,-46.735523,-44.442417,-6.637663,60.165604,-27.263174,0.61818,0.78583795,0.01767014,92.12653,-13.57283,-27.829666,-103.77906,-41.25811,116.021614,0.27099,0.8476596,-0.4561115,-42.869595,165.5347,-11.665605,0.23700613,0.6016657,-0.76277554,52.440117,-52.694275,-1.0081403,-31.285809,48.634277,8.288838,0.1447857,0.95900255,-0.24362092,102.12283,-7.2972007,64.08226,-20.60254,52.660248,6.123124,-0.10864971,0.4958578,0.86158013,150.36307,-13.9987135,69.4063,-10.888515,56.439774,10.679905,-0.33005774,0.49170685,0.80578303,163.24321,-35.52266,63.575153,27.85547,64.09248,-27.614254,0.030577077,0.995211,-0.09284467,112.17154,-67.1652,35.722466,46.853172,47.753616,-10.062465,0.17079738,0.9819797,-0.080895655,140.29562,-123.30953,14.543247,family
60,1359256415,26,31,26.133352,-105.08481,128.44029,-0.035856873,0.96819264,-0.24762325,26.938967,162.60992,8.25923,0.034554284,0.088513345,-0.9954755,22.001892,-4.641148,9.29118,43.007233,32.24037,-28.92105,0.059773047,0.5210526,-0.85142905,19.028711,-24.966076,-0.88958055,44.936707,53.759827,-20.267761,0.23521557,0.81829846,0.5244628,31.9914,-35.03078,72.210106,36.889145,63.430496,-20.286354,0.41843897,0.74955565,0.5129085,45.775017,-36.115135,80.37303,16.772135,66.3914,-35.369305,0.52354777,0.8381465,0.15299724,50.247726,-26.08087,-18.834887,-6.2190228,59.82219,-28.221813,0.6239937,0.781416,0.0045706476,40.994427,-14.945123,-19.072031,-103.949554,-40.901936,117.847305,0.28174672,0.83631146,-0.47032112,-40.068634,163.74066,-12.521322,0.25057358,0.6016034,-0.7584763,69.79776,-41.96012,-20.400738,-31.31089,49.489395,8.739637,0.145314,0.95792586,-0.24751136,68.85634,-22.356415,-4.819361,-18.333279,53.403397,6.9893146,-0.07569376,0.48874563,0.86913645,121.39212,-24.325111,5.970056,-8.371822,56.701385,11.466273,-0.29779977,0.49507868,0.8162183,127.78738,-34.87735,2.5623689,28.95183,63.50821,-27.244417,0.053998668,0.9951475,-0.08225317,90.91658,-51.582108,-8.616803,48.689022,45.983124,-9.91769,0.21315137,0.97472584,-0.06690272,114.31937,-81.22693,-15.202895,family
61,1409268208,27,31,24.090433,-106.08667,126.839066,-0.0243673,0.96949315,-0.24390422,28.389738,162.21185,7.7710505,0.04278203,0.08853192,-0.99515414,20.446339,-8.238708,-7.1370077,41.97191,33.82361,-28.191658,0.04508714,0.5274421,-0.84839374,3.146238,14.46941,5.6206856,42.885315,54.52333,-14.347725,0.1753075,0.77953684,0.6013232,-12.54195,-0.1336864,80.09376,35.077522,63.317505,-12.109962,0.36326396,0.7016752,0.61293656,-8.970637,-9.108998,89.27943,15.429087,66.793594,-35.251392,0.49747458,0.8535901,0.1546061,0.379878,-1.5392104,-7.854208,-7.663288,59.600296,-28.451534,0.6006459,0.79945904,0.009475634,-1.4712255,-11.3891945,-9.005514,-106.20071,-41.39998,116.37247,0.298599,0.8345281,-0.46303508,-38.648582,162.62408,-12.663927,0.25317827,0.59513986,-0.7626987,24.596651,-16.985752,-6.193301,-32.150322,49.54709,8.061771,0.13497692,0.956096,-0.26011857,18.42119,-11.871666,-13.21966,-18.13126,53.546783,6.4173727,-0.07287712,0.49542412,0.8655887,36.926525,-12.538736,-11.531322,-8.049084,56.83258,10.820645,-0.2954382,0.50463843,0.8112067,40.809116,-13.471511,-15.175559,27.890463,63.546295,-27.580957,0.03923865,0.9954347,-0.08700655,14.913386,-18.401587,-7.875199,48.689056,45.892624,-10.025257,0.21248841,0.97463256,-0.0702857,31.901148,-25.433271,-7.4351487,family
62,1459377887,28,31,23.278578,-108.52979,125.64118,-0.022120127,0.9702245,-0.2411951,28.2726,160.41827,7.380186,0.045021757,0.09427511,-0.99452764,0.91711974,-26.442602,-9.996399,41.349365,34.80722,-27.74588,0.036401026,0.5342382,-0.8445499,-8.645222,-14.707684,-3.4660842,41.830215,55.11122,-12.770381,0.15387227,0.7695773,0.6197371,-16.393633,-22.912382,26.23186,34.006065,63.802765,-10.957453,0.34657952,0.6998725,0.62454873,-14.990636,-25.28559,20.805452,14.58008,67.1971,-34.80155,0.48260722,0.86100423,0.16050555,-8.6995945,-23.521862,-9.194837,-8.567966,59.612488,-28.231968,0.58689344,0.80951935,0.01531245,-10.786186,-28.359446,-11.27912,-105.76726,-40.253155,118.28216,0.293618,0.8315476,-0.4715051,-38.831474,162.93925,-12.652719,0.2617784,0.5873783,-0.76580596,2.377444,2.1836128,-0.77770245,-34.0203,49.811005,7.104528,0.10167588,0.9534084,-0.2840325,-37.169247,6.644802,-23.154696,-17.029018,53.96089,6.0802627,-0.05822394,0.5014177,0.86324406,22.67914,9.492921,-10.844132,-6.7353477,57.05356,10.401062,-0.2811861,0.51654977,0.80877113,27.707458,7.077956,-13.609133,28.534052,63.066284,-27.834793,0.05287659,0.9945852,-0.0894668,11.899634,-5.9663525,-5.8575144,48.897213,45.31096,-10.048022,0.21364701,0.9745854,-0.0673665,3.7129025,-7.5834255,-3.9794846,family
63,1509419047,29,31,22.345661,-108.82049,124.75718,-0.020543419,0.9705659,-0.23995796,27.897797,159.95236,6.823215,0.04735039,0.08993307,-0.9948216,-5.679574,-10.838952,-9.73623,41.438393,34.620056,-27.726496,0.03827382,0.5317889,-0.84601164,-5.4314094,-13.890285,-9.7007265,41.7826,54.530594,-11.295907,0.1474795,0.75487834,0.6390684,-9.490637,-22.685364,19.52833,34.149162,63.17842,-9.569734,0.34145612,0.6870277,0.6414053,-5.5899687,-22.802088,12.738014,15.063976,66.94287,-35.108723,0.48613247,0.8600256,0.15501997,0.70948595,-15.368531,-17.713299,-8.269543,59.53508,-28.5408,0.5901285,0.8072097,0.012687955,-1.9936028,-12.6129,-14.7685585,-105.71564,-38.84456,120.32166,0.29248887,0.8265176,-0.48095623,-38.749245,163.09157,-12.732839,0.26747108,0.5814339,-0.7683709,2.5287619,2.6319616,-1.9639766,-34.8927,49.93741,6.4503226,0.09142947,0.9510603,-0.29516944,-18.524305,4.6587324,-17.489449,-16.591335,54.171585,5.5655107,-0.054132838,0.5081679,0.8595551,12.34445,6.74216,-13.856239,-6.176914,57.170135,9.938208,-0.27749842,0.5245938,0.80485773,15.474782,5.4631295,-13.799859,28.623165,62.90915,-27.989418,0.056154873,0.9940872,-0.09293658,6.2010536,-1.3301469,-6.9360285,48.719765,45.199066,-10.184831,0.20950025,0.97500336,-0.074013785,-1.6211867,-0.2329874,-8.531902,family
64,1560266141,30,31,21.726183,-108.6748,124.067505,-0.018909315,0.9710302,-0.23820756,27.627243,159.85489,6.5416756,0.04529586,0.08453645,-0.9953903,-5.7975407,-3.940434,-6.6567516,41.596535,34.170654,-27.954292,0.039356258,0.5280984,-0.84827065,-2.8356633,-12.264947,-10.55256,42.09375,53.87651,-10.8625,0.15231371,0.74942195,0.64433473,0.2724152,-14.318702,-4.927711,34.687298,62.696274,-9.257962,0.3487093,0.68464434,0.64004993,2.5800118,-13.472434,-0.98454905,15.681984,66.58818,-35.563984,0.49477988,0.8565971,0.14640424,4.185759,-10.484803,-16.592964,-7.799467,59.472427,-28.853563,0.597603,0.80176485,0.006611285,2.267069,-5.476199,-12.183773,-108.033714,-37.8298,122.5204,0.3077384,0.80706817,-0.5039227,-38.38336,161.48578,-14.099968,0.25077072,0.6122215,-0.7498659,10.810541,-44.301575,-38.25192,-32.76396,50.726257,10.840738,0.11120741,0.961815,-0.2500897,68.49975,-21.417152,87.29892,-14.156467,54.39502,9.06501,0.0102335205,0.46371043,0.88592774,77.28784,-38.25371,62.42404,-3.3361015,56.74797,13.086021,-0.21531908,0.4912845,0.8439652,88.34672,-56.041416,51.140472,29.354597,63.395233,-26.091927,0.08825559,0.9950875,-0.04485312,33.347706,-29.85291,17.560648,49.654617,44.040466,-10.385981,0.24027485,0.97001284,-0.036648154,37.990868,-76.44255,-42.598057,family
